user_id,item_id
1,3
1,4
1,5
1,7
1,8
1,10
1,11
1,654
2,5
2,7
2,13
2,17
2,18
2,20
2,436
3,3
3,22
3,23
3,24
3,25
3,26
3,27
3,29
3,30
3,31
3,34
3,36
3,190
3,245
4,37
4,38
4,42
4,43
4,44
4,45
5,2
5,7
5,17
5,47
5,48
5,49
5,50
5,54
5,383
6,16
6,31
6,51
6,57
6,58
6,59
6,60
6,62
6,64
6,65
6,66
6,67
7,4
7,5
7,8
7,22
7,23
7,56
7,57
7,58
7,64
7,69
7,70
7,72
7,73
7,74
7,75
7,76
7,77
7,78
7,226
7,474
7,726
8,7
8,8
8,26
8,29
8,47
8,79
8,80
8,81
8,373
9,9
9,42
9,49
9,61
9,73
9,77
9,84
9,87
9,88
9,89
9,90
9,91
9,93
9,94
9,95
9,437
9,484
10,96
10,97
10,100
10,101
10,102
11,30
11,93
11,102
11,105
11,107
11,110
11,111
11,112
12,2
12,49
12,89
12,97
12,117
12,118
12,120
12,121
12,658
13,22
13,24
13,25
13,27
13,39
13,56
13,60
13,61
13,65
13,72
13,73
13,76
13,84
13,88
13,124
13,125
13,128
13,129
13,130
13,332
13,427
14,3
14,14
14,22
14,26
14,62
14,64
14,86
14,88
14,131
14,132
14,133
14,134
14,449
14,711
15,135
15,137
15,138
15,139
15,140
15,144
16,14
16,33
16,97
16,116
16,148
16,150
16,151
16,570
17,41
17,111
17,152
17,156
17,157
18,37
18,40
18,51
18,158
18,162
19,17
19,30
19,43
19,166
19,167
20,24
20,28
20,56
20,58
20,59
20,61
20,66
20,68
20,72
20,76
20,84
20,139
20,534
21,17
21,132
21,169
21,170
21,172
21,173
21,175
22,37
22,38
22,40
22,41
22,80
22,178
22,622
23,4
23,6
23,22
23,23
23,31
23,57
23,69
23,71
23,97
23,179
23,180
23,181
23,182
23,183
23,184
23,204
24,174
24,177
24,180
24,186
24,187
24,191
24,192
24,287
25,3
25,4
25,5
25,13
25,48
25,61
25,67
25,75
25,76
25,85
25,171
25,179
25,195
26,4
26,29
26,47
26,199
26,200
26,201
26,203
26,458
27,33
27,68
27,116
27,131
27,206
27,208
27,209
27,210
27,257
28,3
28,9
28,16
28,62
28,64
28,87
28,211
28,212
28,510
29,24
29,26
29,28
29,58
29,68
29,72
29,82
29,84
29,95
29,98
29,124
29,125
29,126
29,131
29,132
29,147
29,214
29,215
29,217
29,312
30,85
30,111
30,132
30,195
30,221
31,1
31,185
31,223
31,224
31,225
31,227
31,228
32,16
32,22
32,23
32,24
32,63
32,86
32,88
32,118
32,126
32,127
32,199
32,229
32,230
32,231
32,363
32,690
33,184
33,191
33,192
33,235
33,237
34,14
34,37
34,38
34,40
34,78
34,106
34,181
34,206
34,220
34,238
34,242
34,243
34,348
35,5
35,29
35,63
35,199
35,245
35,246
36,22
36,24
36,27
36,28
36,57
36,59
36,60
36,61
36,70
36,74
36,84
36,87
36,88
36,125
36,127
36,131
36,142
36,159
36,205
36,220
36,371
37,3
37,28
37,44
37,62
37,63
37,76
37,88
37,127
37,205
37,249
37,250
37,251
37,361
37,446
38,13
38,14
38,24
38,33
38,49
38,57
38,63
38,68
38,69
38,71
38,73
38,94
38,97
38,119
38,123
38,147
38,252
38,253
38,299
38,465
38,504
39,151
39,206
39,254
39,255
39,256
39,698
40,2
40,7
40,25
40,26
40,58
40,61
40,84
40,86
40,88
40,115
40,126
40,132
40,568
41,27
41,29
41,30
41,73
41,75
41,127
41,164
41,260
42,37
42,38
42,40
42,49
42,63
42,85
42,99
42,202
42,205
42,222
42,231
42,261
42,262
42,342
43,8
43,14
43,109
43,199
43,264
43,279
44,97
44,182
44,185
44,226
44,270
45,10
45,176
45,218
45,272
45,274
46,146
46,158
46,195
46,278
46,279
46,281
47,2
47,3
47,22
47,23
47,124
47,229
47,283
47,284
47,285
47,721
48,30
48,100
48,116
48,146
48,200
48,215
48,253
48,592
49,17
49,19
49,48
49,58
49,60
49,85
49,86
49,87
49,90
49,109
49,110
49,131
49,152
49,245
49,287
49,288
49,315
49,394
50,235
50,291
50,292
50,293
50,294
50,295
51,10
51,19
51,49
51,96
51,296
52,19
52,75
52,146
52,160
52,297
52,298
52,299
52,402
53,10
53,22
53,24
53,25
53,27
53,28
53,57
53,59
53,61
53,62
53,64
53,68
53,69
53,71
53,72
53,73
53,74
53,91
53,111
53,118
53,123
53,124
53,125
53,283
53,288
53,300
53,676
53,720
53,725
54,10
54,52
54,65
54,81
54,83
54,87
54,93
54,95
54,111
54,112
54,219
54,225
54,302
54,303
54,304
54,305
54,604
54,634
55,6
55,50
55,115
55,262
55,308
55,309
56,118
56,310
56,311
56,312
56,315
57,9
57,14
57,88
57,93
57,126
57,251
57,389
58,130
58,146
58,147
58,182
58,208
59,35
59,44
59,152
59,173
59,202
59,319
59,320
59,321
59,323
60,108
60,153
60,253
60,326
60,327
61,77
61,152
61,204
61,288
61,291
61,427
62,23
62,25
62,56
62,58
62,74
62,88
62,126
62,160
62,196
62,283
62,288
62,322
62,337
63,63
63,97
63,206
63,208
63,252
63,255
63,259
63,332
63,711
64,106
64,136
64,300
64,327
64,336
64,640
65,97
65,117
65,139
65,182
65,269
65,313
65,339
65,548
66,13
66,18
66,109
66,131
66,288
66,367
67,50
67,116
67,135
67,141
67,209
67,290
68,81
68,114
68,172
68,185
68,344
68,345
68,347
69,16
69,23
69,27
69,43
69,58
69,61
69,71
69,84
69,123
69,124
69,125
69,146
69,191
69,261
69,283
69,349
69,350
70,14
70,37
70,146
70,220
70,352
71,9
71,60
71,61
71,65
71,85
71,88
71,97
71,126
71,127
71,159
71,283
71,353
71,712
72,90
72,356
72,357
72,358
72,359
72,360
73,4
73,8
73,11
73,80
73,99
73,158
73,189
73,199
73,221
73,362
73,363
73,364
73,504
74,4
74,22
74,26
74,74
74,77
74,79
74,88
74,128
74,232
74,318
74,505
75,14
75,57
75,69
75,70
75,71
75,88
75,123
75,125
75,270
75,318
75,369
75,696
76,1
76,9
76,22
76,23
76,24
76,56
76,60
76,61
76,68
76,75
76,123
76,125
76,127
76,173
76,278
76,283
76,302
76,370
76,427
76,528
77,37
77,239
77,319
77,320
77,322
77,371
77,373
77,374
77,493
78,31
78,80
78,171
78,291
78,375
78,376
78,377
79,15
79,65
79,76
79,83
79,85
79,87
79,133
79,219
79,322
80,17
80,25
80,28
80,48
80,52
80,56
80,76
80,86
80,125
80,126
80,132
80,187
80,376
80,380
80,605
81,169
81,170
81,221
81,275
81,382
82,9
82,22
82,23
82,25
82,37
82,38
82,40
82,60
82,61
82,73
82,76
82,78
82,84
82,103
82,220
82,278
83,1
83,12
83,31
83,85
83,119
83,184
83,384
83,385
84,98
84,116
84,256
84,258
84,327
84,333
84,475
85,50
85,85
85,97
85,116
85,179
85,204
85,215
85,256
85,257
85,258
85,289
85,320
85,333
85,344
85,388
85,390
85,391
86,4
86,17
86,23
86,28
86,56
86,59
86,60
86,75
86,123
86,125
86,170
86,197
86,198
86,283
86,302
87,3
87,25
87,59
87,61
87,64
87,65
87,73
87,75
87,76
87,80
87,108
87,126
87,127
87,212
87,219
88,40
88,43
88,48
88,140
88,195
88,214
88,372
88,395
89,160
89,165
89,171
89,354
89,396
89,397
89,398
89,399
90,16
90,17
90,24
90,25
90,48
90,58
90,59
90,72
90,76
90,84
90,98
90,123
90,125
90,126
90,127
90,727
91,6
91,64
91,158
91,319
91,322
92,4
92,6
92,8
92,11
92,31
92,52
92,400
92,466
93,279
93,317
93,336
93,401
93,402
93,403
94,6
94,31
94,191
94,315
94,363
94,404
94,407
94,414
95,3
95,29
95,38
95,115
95,184
95,371
95,408
95,409
95,630
96,3
96,22
96,23
96,24
96,27
96,28
96,30
96,58
96,59
96,61
96,74
96,123
96,125
96,146
96,171
96,283
96,338
96,410
96,613
96,722
97,3
97,7
97,23
97,60
97,61
97,70
97,72
97,127
97,253
98,80
98,97
98,117
98,132
98,206
98,252
98,411
98,451
99,164
99,165
99,230
99,240
99,314
99,674
100,3
100,14
100,33
100,54
100,94
100,109
100,131
100,324
100,330
100,415
100,417
100,632
101,40
101,79
101,166
101,287
101,312
101,362
101,371
101,409
101,418
101,539
101,636
102,27
102,51
102,147
102,164
102,171
102,222
103,28
103,111
103,240
103,248
103,275
103,276
103,365
103,382
103,419
103,421
104,32
104,37
104,40
104,115
104,169
104,300
104,335
104,422
104,423
104,535
105,52
105,80
105,158
105,217
105,422
106,24
106,25
106,56
106,58
106,59
106,61
106,68
106,69
106,72
106,73
106,74
106,76
106,84
106,95
106,124
106,129
106,283
106,299
106,416
106,425
106,613
107,5
107,6
107,8
107,19
107,219
107,382
107,541
108,105
108,119
108,210
108,390
108,426
108,427
109,10
109,135
109,200
109,404
109,422
109,431
110,2
110,4
110,6
110,15
110,22
110,26
110,29
110,60
110,61
110,62
110,131
110,132
110,167
110,623
111,16
111,62
111,64
111,302
111,433
112,8
112,11
112,158
112,189
112,407
113,37
113,38
113,40
113,138
113,167
113,168
113,179
113,214
113,222
113,372
113,435
114,220
114,226
114,228
114,286
114,287
115,178
115,261
115,319
115,371
115,435
115,437
115,471
116,50
116,97
116,100
116,233
116,256
116,258
116,268
116,398
117,33
117,50
117,85
117,96
117,110
117,119
117,130
117,153
118,65
118,97
118,215
118,301
118,327
119,17
119,156
119,167
119,372
119,373
119,536
120,11
120,14
120,17
120,127
120,205
120,302
120,381
121,10
121,11
121,67
121,80
121,129
121,274
121,302
121,335
121,724
122,2
122,7
122,14
122,48
122,76
122,87
122,103
122,126
122,139
122,158
122,232
122,317
122,334
123,14
123,50
123,131
123,134
123,147
123,303
124,8
124,32
124,215
124,288
124,444
125,30
125,37
125,88
125,90
125,96
125,198
125,204
125,205
125,214
125,300
125,327
125,344
125,369
125,373
125,445
126,118
126,129
126,140
126,142
126,145
126,250
127,24
127,25
127,27
127,57
127,61
127,69
127,70
127,71
127,73
127,86
127,88
127,123
127,124
127,126
127,149
127,317
127,397
127,509
128,9
128,25
128,49
128,77
128,87
128,96
128,131
128,132
128,188
128,218
128,326
128,330
129,53
129,241
129,257
129,307
129,375
129,450
130,78
130,284
130,452
130,453
130,454
130,455
131,45
131,165
131,166
131,167
131,207
131,373
131,456
132,33
132,101
132,131
132,230
132,288
132,331
132,457
132,458
132,520
133,4
133,31
133,62
133,80
133,186
133,214
133,245
133,376
134,6
134,79
134,128
134,190
134,192
134,306
134,318
134,334
134,392
134,404
135,19
135,43
135,50
135,126
135,297
135,349
136,24
136,25
136,58
136,74
136,84
136,125
136,129
136,159
136,205
136,288
136,675
137,1
137,8
137,26
137,59
137,62
137,64
137,88
137,92
138,13
138,61
138,74
138,76
138,131
139,25
139,27
139,55
139,56
139,73
139,91
139,126
139,196
140,18
140,25
140,28
140,40
140,64
140,110
140,179
140,302
140,381
140,397
140,459
141,66
141,75
141,146
141,205
141,460
142,155
142,325
142,326
142,341
142,461
142,462
143,52
143,60
143,84
143,88
143,126
143,128
143,134
143,230
143,320
143,334
143,458
143,468
144,184
144,463
144,464
144,465
144,467
144,468
144,567
145,141
145,143
145,306
145,327
145,335
145,469
145,729
146,171
146,198
146,199
146,245
146,308
146,319
146,434
147,2
147,7
147,26
147,27
147,47
147,50
147,108
147,110
147,127
147,131
147,303
148,17
148,59
148,61
148,62
148,65
148,70
148,74
148,76
148,88
148,159
148,471
148,575
148,594
149,62
149,75
149,160
149,239
149,248
149,319
149,398
149,433
150,52
150,195
150,367
150,473
150,475
151,89
151,116
151,204
151,384
151,389
151,476
151,479
151,480
151,633
152,7
152,17
152,37
152,40
152,160
152,396
152,495
153,43
153,103
153,185
153,226
153,231
153,270
154,5
154,8
154,12
154,26
154,28
154,52
154,81
154,87
154,219
155,30
155,62
155,63
155,90
155,96
155,120
155,159
155,204
155,249
155,278
155,306
155,317
155,481
155,517
156,57
156,60
156,69
156,70
156,71
156,74
156,88
156,125
156,126
156,131
156,317
156,445
156,482
156,573
156,702
157,41
157,118
157,193
157,289
157,350
157,406
158,237
158,278
158,284
158,288
158,342
158,375
158,379
158,427
158,485
159,41
159,154
159,195
159,252
159,298
159,339
159,380
159,486
160,14
160,16
160,48
160,49
160,50
160,76
160,88
160,126
160,205
160,303
160,317
160,330
160,370
161,29
161,37
161,40
161,128
161,156
161,318
162,1
162,26
162,28
162,47
162,82
162,145
162,146
162,169
162,170
162,171
162,174
162,195
162,199
162,388
163,165
163,270
163,287
163,324
163,339
163,357
163,536
164,43
164,48
164,59
164,61
164,71
164,84
164,88
164,127
164,171
164,248
164,278
164,409
164,445
164,449
164,490
164,706
165,1
165,4
165,7
165,8
165,9
165,13
165,22
165,23
165,24
165,25
165,51
165,56
165,59
165,62
165,74
165,75
165,80
165,124
165,125
165,158
165,283
165,365
165,496
165,533
165,653
166,38
166,40
166,160
166,171
166,275
166,389
166,390
166,398
167,9
167,132
167,278
167,330
167,491
167,644
168,85
168,100
168,147
168,198
168,290
168,349
168,494
168,495
168,659
169,40
169,320
169,376
169,394
169,409
169,490
170,13
170,54
170,65
170,96
170,110
170,381
170,496
171,37
171,131
171,159
171,198
171,208
171,240
171,336
172,94
172,194
172,362
172,497
172,498
172,500
172,503
173,62
173,137
173,166
173,182
173,226
173,241
173,242
173,339
173,357
174,222
174,275
174,312
174,382
174,422
174,505
174,638
175,46
175,83
175,216
175,227
175,246
175,467
176,60
176,82
176,86
176,126
176,288
176,387
176,410
176,452
177,53
177,134
177,250
177,251
177,322
177,446
177,507
177,510
178,1
178,8
178,26
178,45
178,61
178,80
178,198
178,433
178,441
178,511
178,565
179,57
179,70
179,71
179,72
179,74
179,84
179,88
179,111
179,123
179,124
179,125
179,278
179,280
180,40
180,107
180,115
180,154
180,284
180,371
180,374
180,453
180,454
180,512
180,524
180,727
181,46
181,137
181,140
181,144
181,214
181,223
181,224
182,115
182,187
182,261
182,284
182,437
182,463
182,514
182,517
182,518
182,582
183,9
183,16
183,23
183,25
183,57
183,58
183,60
183,61
183,69
183,70
183,71
183,76
183,87
183,88
183,126
183,131
183,305
183,330
183,389
183,696
184,7
184,65
184,80
184,81
184,83
184,219
184,302
184,347
184,496
184,519
184,647
185,19
185,28
185,48
185,51
185,63
185,75
185,160
185,170
185,171
185,172
185,249
185,319
185,362
185,398
186,5
186,87
186,88
186,127
186,330
186,350
186,381
187,30
187,86
187,146
187,328
187,331
187,432
187,440
187,456
188,49
188,116
188,147
188,153
188,209
188,269
188,415
189,14
189,47
189,85
189,105
189,198
189,199
189,314
189,410
190,9
190,25
190,27
190,28
190,48
190,56
190,57
190,59
190,61
190,62
190,69
190,70
190,72
190,73
190,88
190,89
190,123
190,125
190,140
190,146
190,570
190,697
191,14
191,50
191,143
191,148
191,300
191,335
191,337
191,445
192,9
192,19
192,27
192,33
192,37
192,56
192,57
192,59
192,61
192,70
192,71
192,72
192,73
192,74
192,84
192,118
192,123
192,125
192,198
192,350
192,573
193,22
193,33
193,60
193,87
193,88
193,92
193,126
193,127
193,142
193,181
194,89
194,200
194,232
194,292
194,520
195,22
195,24
195,25
195,46
195,58
195,68
195,74
195,126
195,184
195,206
195,220
195,317
195,331
195,521
195,673
196,57
196,60
196,61
196,70
196,71
196,74
196,85
196,88
196,115
196,181
196,250
196,283
196,408
196,437
196,443
196,461
196,517
196,648
197,26
197,29
197,32
197,57
197,75
197,79
197,82
197,87
197,123
197,124
197,126
197,170
197,198
197,203
197,220
197,232
197,278
197,369
197,389
197,496
198,14
198,50
198,86
198,220
198,230
199,4
199,31
199,52
199,80
199,107
199,140
199,158
199,169
200,17
200,22
200,52
200,60
200,91
200,110
200,131
200,134
200,403
201,16
201,24
201,59
201,72
201,99
201,117
201,125
201,205
202,37
202,40
202,170
202,225
202,227
202,363
202,371
202,571
203,37
203,41
203,91
203,128
203,129
203,251
203,325
203,445
203,524
204,134
204,302
204,440
204,445
204,496
205,5
205,23
205,37
205,48
205,52
205,59
205,69
205,70
205,85
205,123
205,172
205,212
205,283
206,3
206,22
206,23
206,26
206,27
206,56
206,76
206,84
206,86
206,123
206,124
206,126
206,182
206,199
206,347
207,86
207,88
207,92
207,97
207,128
207,147
207,256
207,333
207,446
207,525
208,37
208,38
208,73
208,214
208,219
208,302
208,331
208,367
208,372
208,526
208,527
208,669
209,1
209,3
209,4
209,5
209,6
209,48
209,51
209,59
209,64
209,74
209,84
209,86
209,172
209,205
209,245
209,415
209,432
209,434
209,728
210,25
210,57
210,60
210,70
210,71
210,87
210,88
210,123
210,132
210,146
210,490
210,521
211,127
211,128
211,230
211,250
211,278
211,612
212,5
212,28
212,87
212,126
212,199
212,265
212,298
212,388
212,423
212,569
213,224
213,399
213,516
213,528
213,531
213,534
213,536
214,17
214,22
214,23
214,24
214,27
214,48
214,52
214,56
214,57
214,59
214,64
214,69
214,70
214,72
214,75
214,76
214,111
214,123
214,124
214,237
214,294
214,566
215,35
215,82
215,182
215,206
215,231
215,320
215,376
216,181
216,288
216,327
216,340
216,538
217,53
217,120
217,137
217,229
217,261
217,293
217,525
218,77
218,85
218,97
218,147
218,148
218,167
218,199
218,214
218,220
218,258
218,372
218,373
218,394
218,399
219,61
219,72
219,74
219,84
219,127
219,171
219,199
219,249
219,346
219,363
219,442
219,449
219,452
219,526
219,541
220,97
220,117
220,168
220,233
220,327
220,542
221,4
221,52
221,80
221,158
221,232
221,369
221,543
222,16
222,60
222,62
222,64
222,84
223,7
223,17
223,23
223,48
223,57
223,60
223,68
223,69
223,70
223,71
223,123
223,124
223,268
223,283
223,384
223,598
223,634
224,14
224,97
224,100
224,117
224,258
224,267
224,293
224,325
224,462
224,544
224,678
225,220
225,231
225,238
225,269
225,339
225,461
226,140
226,144
226,166
226,339
226,355
226,359
226,555
227,23
227,48
227,57
227,60
227,74
227,78
227,86
227,88
227,98
227,123
227,128
227,131
227,160
227,220
227,444
227,722
228,16
228,59
228,62
228,91
228,134
228,164
228,328
228,330
228,357
228,379
228,552
229,49
229,64
229,86
229,109
229,219
229,298
229,381
230,16
230,17
230,28
230,48
230,64
230,87
230,152
230,481
230,546
230,669
231,3
231,5
231,7
231,23
231,26
231,56
231,62
231,69
231,70
231,72
231,173
231,356
231,365
231,547
231,548
231,549
231,562
231,614
232,167
232,195
232,245
232,372
232,394
232,533
233,115
233,138
233,231
233,268
233,269
233,341
233,440
233,461
234,24
234,25
234,50
234,68
234,71
234,84
234,85
234,93
234,123
234,124
234,125
234,132
234,181
234,204
234,591
234,609
235,5
235,9
235,13
235,26
235,48
235,56
235,58
235,59
235,60
235,72
235,73
235,74
235,123
235,124
235,134
235,283
235,330
235,343
235,609
236,81
236,115
236,158
236,188
236,312
236,551
237,78
237,143
237,199
237,214
237,300
238,5
238,115
238,170
238,178
238,553
239,30
239,49
239,88
239,112
239,148
239,220
239,366
239,436
240,256
240,325
240,479
240,554
240,555
241,5
241,13
241,22
241,27
241,57
241,59
241,69
241,70
241,71
241,74
241,76
241,101
241,168
241,429
241,463
242,7
242,13
242,18
242,24
242,25
242,58
242,60
242,68
242,69
242,77
242,84
242,96
242,123
242,125
242,126
242,144
242,154
242,283
242,336
242,522
243,97
243,117
243,256
243,298
243,300
243,341
243,519
243,525
244,1
244,2
244,3
244,5
244,22
244,23
244,24
244,25
244,26
244,27
244,28
244,48
244,52
244,56
244,57
244,58
244,61
244,69
244,71
244,72
244,73
244,76
244,123
244,124
244,125
244,155
244,283
244,400
244,441
244,447
244,476
244,521
245,16
245,25
245,28
245,56
245,58
245,59
245,62
245,64
245,68
245,72
245,73
245,74
245,106
245,123
245,125
245,172
245,205
245,214
245,307
245,432
245,477
245,556
245,567
245,633
246,7
246,48
246,58
246,59
246,60
246,71
246,88
246,131
246,699
247,45
247,89
247,116
247,231
247,253
247,390
247,558
248,261
248,308
248,421
248,559
248,560
248,561
248,563
248,564
249,10
249,16
249,24
249,27
249,51
249,52
249,56
249,58
249,59
249,60
249,61
249,62
249,68
249,74
249,75
249,76
249,84
249,86
249,124
249,125
249,221
249,283
249,286
249,387
249,552
249,616
250,89
250,99
250,148
250,209
250,227
250,444
250,520
251,74
251,126
251,250
251,254
251,446
251,566
252,9
252,13
252,55
252,56
252,70
252,74
252,83
252,127
252,215
252,300
252,336
253,23
253,27
253,28
253,33
253,49
253,50
253,57
253,60
253,61
253,69
253,70
253,84
253,92
253,124
253,179
253,198
253,204
253,229
253,335
253,567
253,568
253,605
254,1
254,24
254,26
254,42
254,65
254,69
254,70
254,71
254,179
254,201
254,437
254,451
254,516
254,701
255,37
255,40
255,43
255,78
255,92
255,147
255,170
255,182
255,242
255,263
255,287
255,331
255,334
255,703
256,96
256,128
256,134
256,326
256,331
256,334
256,400
256,496
257,4
257,6
257,8
257,344
257,463
258,80
258,81
258,159
258,198
258,431
258,432
258,444
259,123
259,205
259,264
259,405
259,448
259,468
260,30
260,37
260,38
260,45
260,85
260,109
260,126
260,134
260,142
260,144
260,145
260,166
260,341
260,407
260,420
260,445
260,557
261,18
261,25
261,30
261,56
261,58
261,59
261,60
261,61
261,68
261,69
261,70
261,72
261,73
261,76
261,88
261,124
261,247
261,336
261,419
261,472
262,23
262,28
262,52
262,56
262,57
262,58
262,59
262,60
262,68
262,69
262,71
262,72
262,73
262,76
262,88
262,123
262,125
262,198
262,199
262,283
262,300
262,369
262,391
262,600
263,41
263,166
263,185
263,286
263,570
264,8
264,26
264,49
264,82
264,159
264,179
264,183
264,211
264,602
265,6
265,29
265,152
265,238
265,286
265,341
265,375
265,572
266,16
266,25
266,96
266,125
266,126
266,182
266,270
266,397
266,678
267,91
267,134
267,230
267,264
267,330
268,37
268,40
268,77
268,87
268,126
268,209
268,272
268,575
269,28
269,30
269,48
269,88
269,131
269,205
269,266
269,278
269,330
269,461
270,41
270,108
270,167
270,201
270,359
270,360
270,394
270,545
271,3
271,4
271,5
271,7
271,10
271,17
271,47
271,62
271,75
271,80
271,81
272,7
272,16
272,19
272,23
272,38
272,40
272,73
272,74
272,75
272,76
272,86
272,106
272,164
272,182
272,199
272,214
272,263
272,485
272,543
272,577
273,1
273,5
273,22
273,23
273,25
273,56
273,58
273,69
273,72
273,79
273,123
273,124
273,129
273,158
273,179
273,187
273,261
273,283
273,463
273,497
273,560
273,707
274,132
274,152
274,157
274,230
274,261
274,369
274,408
274,437
274,562
275,32
275,50
275,57
275,71
275,72
275,97
275,117
275,132
275,142
275,144
275,215
275,257
276,14
276,49
276,85
276,86
276,198
276,288
276,291
276,342
276,412
277,7
277,17
277,28
277,62
277,64
277,86
277,205
277,347
277,377
277,381
277,556
277,568
277,597
278,38
278,43
278,238
278,339
278,427
278,557
279,37
279,38
279,167
279,288
279,295
279,354
279,372
279,394
279,441
280,3
280,4
280,7
280,22
280,26
280,28
280,30
280,48
280,52
280,57
280,59
280,60
280,62
280,65
280,70
280,71
280,80
280,110
280,158
280,314
280,334
280,522
280,579
280,597
280,598
281,152
281,160
281,169
281,170
281,195
281,249
281,423
281,429
281,555
281,581
282,4
282,8
282,81
282,158
282,194
282,274
282,312
282,315
282,388
282,571
282,572
282,582
283,5
283,17
283,24
283,76
283,88
283,112
283,120
283,124
283,127
283,204
283,295
283,303
283,350
283,585
284,5
284,9
284,13
284,23
284,24
284,28
284,30
284,56
284,58
284,59
284,65
284,68
284,72
284,84
284,86
284,88
284,108
284,123
284,124
284,514
285,193
285,223
285,262
285,362
285,431
285,580
286,16
286,17
286,173
286,221
286,300
286,302
287,48
287,74
287,85
287,126
287,132
288,200
288,224
288,238
288,287
288,367
288,585
289,28
289,30
289,58
289,59
289,60
289,75
289,76
289,125
289,283
289,297
289,381
289,410
289,593
289,594
290,226
290,339
290,357
290,359
290,361
290,545
291,524
291,587
291,589
291,590
291,592
291,593
292,16
292,48
292,195
292,421
292,595
293,63
293,182
293,426
293,557
293,597
294,13
294,27
294,60
294,61
294,68
294,79
294,84
294,87
294,96
294,125
294,126
294,220
294,317
294,349
294,677
295,9
295,25
295,56
295,61
295,62
295,68
295,87
295,92
295,101
295,106
295,131
295,423
295,565
296,15
296,16
296,59
296,69
296,71
296,75
296,94
296,203
296,381
297,14
297,19
297,33
297,49
297,57
297,76
297,97
297,106
297,177
297,215
297,411
297,599
298,5
298,13
298,16
298,25
298,61
298,72
298,96
298,101
298,125
298,127
298,131
298,283
298,729
299,1
299,9
299,47
299,61
299,92
299,122
299,147
299,172
299,600
300,51
300,212
300,213
300,446
300,448
300,507
300,560
301,69
301,586
301,590
301,591
301,592
301,601
302,5
302,14
302,27
302,28
302,33
302,48
302,60
302,61
302,76
302,84
302,86
302,88
302,110
302,123
302,132
302,380
302,653
303,7
303,64
303,65
303,132
303,161
303,199
303,205
303,254
303,330
303,336
304,43
304,172
304,229
304,289
304,504
304,603
304,604
304,605
305,9
305,23
305,24
305,25
305,26
305,27
305,57
305,63
305,68
305,69
305,70
305,71
305,72
305,123
305,124
305,125
305,146
305,308
305,371
305,377
305,416
305,442
305,718
306,38
306,79
306,234
306,261
306,321
306,516
306,552
307,219
307,302
307,475
307,607
307,608
308,4
308,5
308,38
308,51
308,80
308,170
308,187
308,306
308,378
308,405
308,561
309,98
309,115
309,168
309,179
309,187
309,463
310,25
310,58
310,59
310,64
310,68
310,70
310,84
310,86
310,123
310,124
310,125
310,132
310,205
310,217
310,343
310,444
310,671
310,683
311,170
311,363
311,375
311,552
311,597
312,37
312,38
312,163
312,168
312,170
312,196
312,239
312,320
312,396
312,429
312,678
313,4
313,52
313,64
313,65
313,83
313,158
313,176
313,222
313,611
314,14
314,36
314,451
314,452
314,453
314,569
315,188
315,320
315,357
315,404
315,429
316,3
316,16
316,30
316,47
316,57
316,58
316,70
316,71
316,85
316,146
316,164
316,435
317,8
317,52
317,129
317,211
317,418
317,513
317,614
317,615
318,8
318,110
318,150
318,167
318,372
318,373
318,688
319,293
319,376
319,463
319,511
319,616
320,438
320,469
320,533
320,564
320,610
321,8
321,19
321,83
321,158
321,214
321,247
321,426
321,444
321,546
322,1
322,4
322,7
322,26
322,28
322,69
322,70
322,74
322,81
322,87
322,88
322,277
322,280
322,334
322,338
322,341
322,410
323,38
323,284
323,436
323,525
323,618
324,22
324,28
324,61
324,74
324,97
324,120
324,127
324,146
324,147
324,148
324,229
324,267
324,284
324,312
324,330
324,461
325,13
325,17
325,24
325,25
325,74
325,82
325,87
325,88
325,423
326,13
326,23
326,25
326,27
326,37
326,60
326,69
326,71
326,72
326,74
326,87
326,123
326,124
326,125
326,131
326,204
326,220
326,241
326,242
326,283
326,519
326,552
327,11
327,51
327,81
327,158
327,214
327,230
327,250
327,287
327,410
327,588
328,38
328,39
328,40
328,63
328,75
328,78
328,140
328,142
328,144
328,164
328,179
328,214
328,226
328,238
328,357
328,456
328,485
328,573
329,25
329,59
329,72
329,85
329,86
329,111
329,276
329,426
329,456
330,47
330,81
330,88
330,114
330,128
330,172
330,303
330,343
330,556
331,105
331,172
331,205
331,288
331,343
331,418
331,565
332,5
332,65
332,110
332,112
332,205
332,288
332,302
332,316
332,336
333,9
333,49
333,60
333,69
333,71
333,74
333,84
333,86
333,98
333,127
333,132
333,220
333,297
333,300
333,566
333,700
334,34
334,63
334,82
334,88
334,146
334,172
334,199
334,222
334,252
334,375
334,599
334,621
335,16
335,25
335,30
335,86
335,395
335,401
335,456
335,622
336,235
336,464
336,561
336,624
336,625
336,627
337,85
337,127
337,161
337,250
337,279
337,282
337,348
337,418
338,42
338,100
338,119
338,148
338,164
338,202
338,330
338,417
338,455
338,456
339,131
339,285
339,486
339,490
339,572
339,628
340,6
340,22
340,23
340,26
340,47
340,48
340,50
340,69
340,72
340,76
340,84
340,86
340,382
340,492
340,496
341,29
341,32
341,198
341,245
341,453
341,625
342,10
342,16
342,48
342,81
342,82
342,86
342,87
342,98
342,202
342,266
342,363
342,371
342,561
343,170
343,171
343,195
343,201
343,314
343,395
343,446
343,491
344,1
344,8
344,19
344,23
344,26
344,27
344,49
344,57
344,70
344,71
344,75
344,84
344,88
344,92
344,124
344,202
344,275
344,289
344,452
344,495
345,49
345,50
345,91
345,204
345,303
345,317
345,334
345,336
345,390
345,391
345,471
346,170
346,330
346,341
346,389
346,519
347,26
347,50
347,86
347,118
347,127
347,605
348,29
348,50
348,116
348,151
348,200
348,268
348,269
348,325
348,465
348,632
349,33
349,498
349,528
349,530
349,587
349,590
349,591
349,609
350,33
350,97
350,257
350,384
350,461
351,1
351,22
351,23
351,27
351,53
351,56
351,57
351,58
351,61
351,69
351,70
351,71
351,74
351,88
351,123
351,125
351,179
351,289
351,292
351,323
351,330
351,552
351,578
352,234
352,442
352,528
352,535
352,612
352,636
352,637
353,7
353,9
353,18
353,27
353,28
353,49
353,64
353,74
353,75
353,126
353,127
353,131
353,536
354,40
354,198
354,319
354,354
354,363
355,18
355,30
355,127
355,164
355,202
355,203
355,205
355,297
355,344
355,572
356,24
356,50
356,60
356,72
356,73
356,76
356,84
356,85
356,89
356,116
356,136
356,215
356,218
356,263
356,283
356,317
356,330
356,427
356,638
357,98
357,242
357,447
357,472
357,631
357,639
357,640
357,641
358,1
358,32
358,134
358,251
358,334
358,508
358,538
358,580
359,4
359,32
359,75
359,87
359,319
359,339
359,357
359,359
360,22
360,23
360,24
360,27
360,34
360,59
360,60
360,61
360,68
360,73
360,74
360,124
360,125
360,128
360,283
360,330
360,363
360,418
360,432
360,482
360,533
361,10
361,25
361,30
361,37
361,40
361,51
361,57
361,58
361,63
361,69
361,70
361,72
361,74
361,123
361,125
361,127
361,133
361,176
361,222
361,320
361,354
361,519
361,583
361,603
362,168
362,183
362,308
362,321
362,391
362,437
362,610
363,24
363,30
363,49
363,68
363,82
363,96
363,123
363,124
363,146
363,147
363,164
363,167
363,206
363,257
363,283
364,38
364,79
364,288
364,371
364,470
364,516
364,642
364,676
365,3
365,22
365,23
365,24
365,25
365,27
365,28
365,56
365,60
365,85
365,123
365,128
365,250
365,278
365,334
365,338
365,414
365,494
365,508
365,618
365,631
366,7
366,29
366,30
366,34
366,51
366,200
366,214
366,465
366,550
367,269
367,290
367,367
367,410
367,516
367,644
367,645
368,189
368,355
368,356
368,358
368,359
368,362
368,559
368,693
369,117
369,271
369,303
369,325
369,329
369,550
369,573
370,1
370,7
370,22
370,27
370,30
370,56
370,57
370,58
370,59
370,60
370,61
370,69
370,70
370,73
370,81
370,121
370,123
370,131
370,232
370,271
370,283
370,320
370,391
370,432
370,680
371,1
371,22
371,23
371,24
371,47
371,48
371,51
371,56
371,57
371,58
371,59
371,61
371,69
371,70
371,71
371,72
371,74
371,75
371,129
371,134
371,139
371,146
371,170
371,172
371,464
371,629
372,13
372,18
372,34
372,63
372,69
372,70
372,71
372,74
372,77
372,92
372,230
372,256
372,326
372,447
373,3
373,4
373,6
373,48
373,75
373,193
373,201
373,214
373,219
373,221
373,319
373,350
374,1
374,2
374,4
374,11
374,29
374,47
374,158
374,169
374,199
374,443
374,550
374,607
375,137
375,289
375,391
375,463
375,555
375,562
375,647
376,42
376,201
376,216
376,227
376,240
377,13
377,22
377,24
377,50
377,58
377,60
377,61
377,68
377,69
377,70
377,71
377,72
377,84
377,86
377,123
377,283
377,371
377,485
377,590
378,1
378,3
378,7
378,8
378,15
378,22
378,26
378,27
378,47
378,56
378,57
378,58
378,62
378,69
378,70
378,71
378,72
378,75
378,81
378,84
378,123
378,233
378,275
378,288
378,520
378,681
379,79
379,171
379,319
379,320
379,649
379,651
380,6
380,51
380,80
380,81
380,201
380,271
380,364
380,641
381,222
381,230
381,287
381,303
381,330
381,495
381,550
382,16
382,49
382,76
382,90
382,95
382,98
382,111
382,131
382,205
382,304
382,381
382,440
382,579
383,1
383,26
383,37
383,63
383,73
383,158
383,173
383,175
383,199
383,213
383,381
383,433
383,653
384,208
384,215
384,284
384,288
384,299
384,300
384,410
385,80
385,180
385,404
385,466
385,652
386,1
386,7
386,15
386,25
386,26
386,28
386,61
386,69
386,72
386,74
386,83
386,125
386,158
386,427
386,496
386,652
387,56
387,59
387,60
387,172
387,444
387,654
388,33
388,129
388,250
388,278
388,279
388,334
388,418
388,618
388,705
389,1
389,2
389,3
389,4
389,5
389,29
389,31
389,80
389,159
389,170
389,174
389,246
389,294
389,611
390,154
390,187
390,362
390,498
390,528
390,529
390,655
391,153
391,169
391,201
391,548
391,551
391,585
392,70
392,229
392,236
392,269
392,290
392,332
392,371
392,657
393,2
393,3
393,25
393,64
393,81
393,84
394,80
394,249
394,264
394,349
394,403
394,446
394,508
395,3
395,24
395,48
395,49
395,50
395,56
395,68
395,73
395,76
395,84
395,96
395,105
395,116
395,123
395,124
395,148
395,215
395,230
395,254
395,283
395,353
395,410
395,534
395,658
395,660
395,668
396,42
396,77
396,81
396,156
396,212
396,287
396,378
397,3
397,9
397,23
397,24
397,37
397,38
397,40
397,57
397,58
397,60
397,68
397,69
397,70
397,71
397,72
397,73
397,76
397,87
397,103
397,124
397,147
397,169
397,170
397,171
397,195
397,283
397,302
397,326
397,330
397,496
398,9
398,13
398,24
398,42
398,49
398,56
398,60
398,61
398,63
398,69
398,71
398,73
398,87
398,107
398,125
398,127
398,180
398,204
398,330
398,367
398,420
398,475
399,2
399,16
399,23
399,30
399,31
399,38
399,41
399,57
399,58
399,60
399,69
399,71
399,72
399,87
399,123
399,125
399,164
399,283
399,410
399,451
399,685
400,37
400,40
400,41
400,43
400,45
400,328
400,557
400,563
400,699
401,156
401,167
401,662
401,663
401,664
402,23
402,25
402,74
402,99
402,128
402,154
402,170
402,334
402,437
402,508
402,509
402,562
402,618
403,14
403,33
403,50
403,85
403,102
403,116
403,119
403,298
403,307
403,416
404,35
404,529
404,531
404,588
404,589
404,666
405,1
405,7
405,13
405,17
405,23
405,68
405,69
405,70
405,96
405,131
405,198
405,342
405,411
405,526
405,546
406,100
406,116
406,139
406,256
406,291
406,485
406,525
406,667
407,4
407,160
407,249
407,264
407,334
408,192
408,202
408,213
408,216
408,217
408,276
408,461
408,585
409,2
409,26
409,88
409,195
409,249
409,279
409,288
409,319
409,398
409,403
410,8
410,187
410,319
410,404
410,463
410,546
410,649
410,669
411,9
411,18
411,24
411,27
411,49
411,60
411,61
411,73
411,76
411,84
411,131
411,283
411,298
411,349
411,444
411,556
412,63
412,65
412,87
412,96
412,147
412,181
412,267
413,82
413,165
413,185
413,226
413,241
413,286
413,653
414,2
414,5
414,7
414,9
414,22
414,24
414,48
414,52
414,58
414,59
414,62
414,75
414,84
414,205
414,214
414,232
414,338
414,347
415,33
415,49
415,50
415,149
415,164
416,264
416,318
416,334
416,348
416,622
417,89
417,99
417,202
417,250
417,264
418,135
418,136
418,327
418,355
418,440
419,1
419,14
419,23
419,29
419,32
419,68
419,116
419,124
419,326
419,340
420,22
420,26
420,27
420,41
420,47
420,48
420,56
420,59
420,68
420,72
420,73
420,92
420,172
420,173
420,442
420,509
420,510
421,24
421,56
421,77
421,87
421,88
421,125
421,161
421,219
421,251
421,283
421,304
421,349
421,381
422,140
422,145
422,262
422,307
422,308
422,314
422,453
422,552
423,256
423,258
423,259
423,333
423,428
423,519
424,9
424,16
424,39
424,50
424,148
424,231
424,354
424,359
424,457
424,506
424,664
424,672
424,699
425,85
425,210
425,389
425,410
425,443
425,487
425,659
426,5
426,16
426,24
426,25
426,28
426,30
426,56
426,71
426,73
426,74
426,109
426,123
426,126
426,164
426,230
426,283
426,672
426,701
427,2
427,22
427,23
427,24
427,25
427,27
427,57
427,60
427,68
427,69
427,70
427,71
427,72
427,73
427,74
427,87
427,123
427,124
427,125
427,126
427,132
427,204
427,244
427,283
427,289
427,454
427,463
427,470
428,77
428,85
428,88
428,101
428,106
428,126
428,198
428,230
428,348
428,596
429,16
429,164
429,350
429,359
429,426
430,9
430,22
430,23
430,24
430,25
430,58
430,60
430,68
430,77
430,108
430,125
430,126
430,214
430,261
430,323
430,371
430,425
431,5
431,8
431,9
431,48
431,50
431,62
431,108
431,126
431,159
431,169
431,205
431,214
431,288
431,620
432,92
432,117
432,128
432,233
432,264
432,326
432,512
433,84
433,121
433,179
433,206
433,411
433,461
433,512
434,35
434,37
434,40
434,320
434,372
434,376
434,463
435,13
435,16
435,48
435,51
435,59
435,75
435,114
435,154
435,159
435,172
435,205
435,275
435,611
436,195
436,319
436,320
436,322
436,441
436,528
437,18
437,24
437,25
437,57
437,58
437,60
437,68
437,69
437,70
437,71
437,84
437,87
437,124
437,126
437,129
437,250
437,264
437,279
437,280
437,303
437,320
437,371
437,446
437,462
437,510
437,674
438,22
438,26
438,30
438,34
438,70
438,71
438,72
438,92
438,125
438,146
438,147
438,164
438,197
438,231
438,233
438,278
438,375
438,482
438,509
439,3
439,25
439,28
439,51
439,62
439,73
439,96
439,127
439,132
439,215
439,218
439,304
439,318
440,23
440,24
440,25
440,26
440,27
440,56
440,59
440,61
440,64
440,68
440,73
440,76
440,84
440,86
440,87
440,101
440,123
440,124
440,125
440,126
440,283
440,417
440,493
440,648
441,146
441,170
441,264
441,321
441,404
441,580
442,180
442,187
442,246
442,258
442,320
442,463
442,522
442,528
442,624
442,675
442,676
443,11
443,159
443,334
443,339
443,361
443,376
443,420
443,710
444,6
444,15
444,159
444,165
444,219
444,386
444,489
444,665
444,680
445,16
445,33
445,49
445,85
445,89
445,119
445,139
445,148
445,206
445,255
445,461
445,667
445,715
446,15
446,31
446,120
446,201
446,300
446,340
446,464
447,8
447,19
447,52
447,158
447,169
447,219
447,344
447,375
447,635
448,179
448,219
448,258
448,544
448,679
449,270
449,451
449,453
449,462
449,523
449,540
450,89
450,272
450,287
450,304
450,543
450,585
450,683
451,271
451,320
451,420
451,423
451,504
452,14
452,99
452,147
452,148
452,421
452,597
453,16
453,25
453,58
453,64
453,72
453,126
453,131
453,230
453,247
453,283
453,330
454,115
454,223
454,224
454,398
454,517
454,562
454,684
455,25
455,116
455,117
455,260
455,268
455,313
455,495
455,686
456,33
456,97
456,239
456,258
456,327
456,550
457,1
457,8
457,75
457,107
457,172
457,271
457,302
457,569
458,5
458,28
458,34
458,42
458,59
458,88
458,91
458,282
458,403
458,432
458,508
458,510
458,587
459,2
459,7
459,51
459,182
459,220
459,555
459,611
459,619
460,37
460,45
460,115
460,261
460,320
460,321
460,437
460,557
460,560
460,580
460,720
461,37
461,38
461,40
461,41
461,43
461,176
461,348
461,663
461,664
462,3
462,15
462,27
462,28
462,57
462,62
462,72
462,232
462,277
462,688
463,367
463,426
463,456
463,472
463,473
463,689
464,2
464,16
464,24
464,25
464,48
464,56
464,58
464,59
464,60
464,68
464,84
464,86
464,111
464,123
464,125
464,152
464,179
464,202
464,243
464,489
464,529
464,643
465,229
465,325
465,342
465,374
465,451
466,7
466,48
466,81
466,86
466,110
466,127
466,202
466,203
466,245
466,330
467,8
467,29
467,158
467,169
467,179
467,249
467,524
467,633
468,138
468,178
468,309
468,362
468,528
468,609
469,189
469,201
469,216
469,217
469,273
469,406
469,551
470,12
470,51
470,58
470,63
470,74
470,92
470,131
470,249
470,319
470,482
470,693
471,42
471,49
471,63
471,85
471,131
471,215
471,219
471,297
472,130
472,131
472,205
472,329
472,507
472,584
472,659
473,3
473,70
473,88
473,92
473,129
473,196
473,249
473,278
473,510
474,175
474,334
474,363
474,422
474,426
474,572
475,74
475,146
475,147
475,182
475,233
476,3
476,5
476,7
476,22
476,23
476,24
476,27
476,48
476,59
476,60
476,75
476,81
476,101
476,123
476,129
476,172
476,205
476,283
476,337
476,404
476,487
477,30
477,70
477,126
477,131
477,164
477,165
477,204
477,266
477,352
478,155
478,484
478,532
478,533
478,633
478,675
478,695
478,696
479,2
479,5
479,7
479,8
479,10
479,22
479,23
479,26
479,28
479,30
479,37
479,52
479,56
479,57
479,60
479,70
479,71
479,72
479,73
479,75
479,81
479,105
479,123
479,124
479,161
479,219
479,240
479,297
479,314
479,369
479,551
479,587
480,6
480,31
480,37
480,38
480,164
480,188
480,229
481,133
481,214
481,365
481,375
481,447
481,473
481,507
481,640
482,14
482,31
482,132
482,199
482,320
482,546
482,610
483,47
483,85
483,86
483,116
483,327
483,350
483,426
484,4
484,6
484,11
484,29
484,39
484,54
484,79
484,172
484,199
484,214
484,422
485,9
485,13
485,18
485,76
485,96
485,126
485,230
485,714
486,1
486,3
486,4
486,22
486,23
486,24
486,25
486,34
486,47
486,56
486,58
486,59
486,60
486,68
486,84
486,127
486,199
486,205
486,264
486,275
486,278
486,348
486,507
486,508
486,654
487,3
487,22
487,23
487,25
487,26
487,60
487,115
487,121
487,126
487,153
487,169
487,354
487,371
487,437
487,514
487,578
488,64
488,159
488,199
488,215
488,347
488,381
488,432
488,546
489,6
489,30
489,62
489,75
489,132
490,17
490,22
490,24
490,28
490,56
490,57
490,59
490,68
490,69
490,70
490,71
490,72
490,73
490,76
490,123
490,125
490,132
490,168
490,220
490,230
490,496
490,516
490,687
491,40
491,43
491,45
491,76
491,90
491,127
491,146
491,147
491,371
491,374
491,640
492,29
492,30
492,57
492,62
492,69
492,70
492,72
492,75
492,81
492,88
492,92
492,208
492,251
493,60
493,174
493,242
493,399
493,405
493,497
493,528
493,633
493,700
494,22
494,27
494,30
494,48
494,58
494,59
494,60
494,74
494,123
494,125
494,217
494,446
494,510
494,636
494,656
495,3
495,5
495,27
495,28
495,50
495,57
495,69
495,70
495,71
495,79
495,143
495,313
495,413
495,458
495,469
495,579
495,701
496,38
496,40
496,41
496,42
496,98
496,150
496,164
496,372
496,381
497,2
497,4
497,6
497,8
497,31
497,75
497,80
497,190
497,234
497,314
497,549
498,16
498,37
498,38
498,40
498,48
498,75
498,92
498,288
499,14
499,85
499,89
499,116
499,148
499,244
499,546
499,635
500,24
500,25
500,27
500,57
500,61
500,68
500,69
500,70
500,71
500,72
500,74
500,88
500,123
500,124
500,125
500,192
500,198
500,278
500,283
500,406
500,413
500,416
500,496
500,593
501,9
501,13
501,23
501,25
501,27
501,34
501,58
501,68
501,76
501,87
501,91
501,125
501,134
501,202
501,283
501,288
501,317
501,540
502,136
502,145
502,455
502,540
502,602
502,702
502,703
503,23
503,34
503,49
503,61
503,73
503,101
503,141
503,153
503,215
503,256
503,389
503,390
503,487
504,139
504,268
504,311
504,329
504,340
504,384
504,461
504,632
504,704
505,16
505,19
505,48
505,58
505,60
505,76
505,93
505,98
505,111
505,125
505,205
505,218
505,307
505,390
506,32
506,43
506,45
506,220
506,339
506,436
506,456
506,586
507,7
507,87
507,111
507,205
507,303
507,432
507,471
508,13
508,198
508,209
508,300
508,334
508,335
508,338
508,563
508,711
509,435
509,501
509,514
509,588
509,589
509,600
509,609
510,45
510,166
510,339
510,408
510,496
510,684
511,13
511,24
511,25
511,34
511,60
511,74
511,88
511,124
511,125
511,126
511,264
511,534
511,631
511,651
512,81
512,128
512,146
512,251
512,278
512,318
512,362
512,446
513,22
513,42
513,85
513,89
513,148
513,151
513,179
513,253
513,290
513,330
513,415
513,683
513,705
514,39
514,42
514,49
514,131
514,287
515,7
515,17
515,24
515,28
515,47
515,48
515,62
515,72
515,75
515,125
515,159
515,248
515,249
515,320
515,485
515,493
516,2
516,27
516,28
516,73
516,126
516,246
516,251
516,321
516,570
516,707
517,16
517,22
517,28
517,30
517,57
517,68
517,70
517,71
517,72
517,88
517,123
517,124
517,127
517,253
517,277
517,456
518,39
518,99
518,132
518,148
518,153
518,190
518,287
518,391
519,1
519,5
519,7
519,8
519,17
519,28
519,48
519,56
519,59
519,60
519,64
519,73
519,83
519,84
519,114
519,205
519,302
519,410
519,616
519,722
520,34
520,181
520,226
520,251
520,446
520,447
520,559
521,15
521,26
521,27
521,48
521,62
521,76
521,302
521,679
522,1
522,5
522,8
522,23
522,26
522,47
522,51
522,74
522,87
522,199
522,214
522,287
522,403
522,512
522,708
523,114
523,296
523,329
523,343
523,473
523,512
524,46
524,86
524,208
524,288
524,342
524,546
525,5
525,26
525,29
525,35
525,59
525,63
525,68
525,187
525,220
525,241
525,242
525,320
525,331
525,415
525,424
525,436
525,546
525,709
526,3
526,22
526,25
526,38
526,57
526,61
526,69
526,71
526,76
526,84
526,88
526,123
526,125
526,300
526,301
526,339
526,354
526,419
526,466
526,501
526,545
527,91
527,128
527,264
527,279
527,448
527,507
527,618
527,631
527,632
528,7
528,9
528,15
528,24
528,26
528,48
528,59
528,68
528,75
528,159
528,221
528,245
528,246
528,283
528,426
528,506
528,541
529,27
529,60
529,61
529,69
529,70
529,75
529,124
529,127
529,262
529,283
529,288
529,364
529,437
529,655
530,98
530,214
530,322
530,353
530,371
530,416
531,8
531,75
531,279
531,446
531,447
532,28
532,30
532,47
532,96
532,146
532,147
532,164
532,523
533,49
533,65
533,86
533,147
533,330
533,663
534,34
534,91
534,118
534,121
534,278
534,279
534,508
534,539
534,691
535,7
535,30
535,191
535,245
535,271
535,312
535,354
535,444
535,474
536,2
536,3
536,15
536,16
536,26
536,30
536,62
536,75
536,83
536,263
536,328
536,381
536,500
536,618
537,79
537,104
537,203
537,236
537,240
537,243
537,711
538,39
538,50
538,82
538,95
538,146
538,208
538,215
538,223
538,252
538,268
538,269
538,326
538,328
538,388
538,427
538,428
539,34
539,128
539,214
539,289
539,410
539,510
539,597
539,618
539,640
540,148
540,292
540,440
540,520
540,626
540,632
541,65
541,85
541,119
541,265
541,444
542,32
542,198
542,267
542,424
542,713
543,30
543,164
543,166
543,314
543,320
543,339
543,354
543,357
543,501
543,511
543,727
544,168
544,234
544,262
544,392
544,530
544,578
544,627
544,636
545,257
545,258
545,293
545,525
545,685
546,79
546,136
546,153
546,335
546,552
547,9
547,16
547,19
547,25
547,58
547,68
547,77
547,87
547,105
547,126
547,159
547,202
547,205
547,336
547,519
547,685
547,691
548,86
548,89
548,148
548,439
548,544
549,10
549,52
549,75
549,82
549,159
549,173
549,214
549,219
549,585
550,116
550,205
550,214
550,225
550,508
550,509
551,33
551,85
551,135
551,176
551,300
551,301
551,330
551,337
551,568
552,399
552,498
552,530
552,586
552,587
552,600
552,636
552,668
553,89
553,100
553,117
553,119
553,140
553,209
553,290
554,57
554,72
554,74
554,75
554,87
554,127
554,221
554,344
555,30
555,63
555,90
555,147
555,155
555,286
555,436
555,689
556,35
556,91
556,133
556,179
556,189
557,13
557,25
557,63
557,68
557,76
557,86
557,96
557,124
557,126
557,151
557,283
557,365
558,37
558,38
558,138
558,170
558,354
558,463
559,63
559,131
559,146
559,188
559,371
559,510
560,49
560,50
560,58
560,65
560,69
560,70
560,71
560,110
560,124
560,126
560,224
560,298
560,614
561,37
561,40
561,41
561,78
561,223
561,224
561,225
561,322
561,348
561,660
561,672
562,170
562,250
562,264
562,280
562,289
562,448
562,509
563,1
563,22
563,24
563,30
563,47
563,50
563,53
563,57
563,60
563,68
563,69
563,70
563,71
563,82
563,131
563,164
563,198
563,403
563,461
563,554
564,37
564,109
564,140
564,147
564,214
564,223
564,224
564,225
564,409
564,572
565,45
565,339
565,369
565,373
565,514
565,540
566,261
566,339
566,357
566,545
566,617
567,115
567,171
567,245
567,354
567,545
568,51
568,81
568,133
568,199
568,214
568,288
568,348
569,89
569,117
569,204
569,210
569,297
570,138
570,182
570,208
570,227
570,252
570,371
571,9
571,22
571,23
571,24
571,27
571,48
571,56
571,58
571,60
571,68
571,74
571,75
571,86
571,123
571,125
571,126
571,127
571,155
571,172
571,283
571,391
571,412
571,584
572,30
572,87
572,146
572,147
572,303
572,510
573,14
573,25
573,30
573,33
573,57
573,61
573,70
573,71
573,77
573,88
573,258
573,349
573,456
573,478
573,534
574,34
574,216
574,285
574,287
574,578
574,612
575,50
575,85
575,86
575,96
575,110
575,133
575,148
575,215
575,230
575,307
575,349
575,354
575,426
575,665
576,108
576,152
576,192
576,249
576,287
576,304
576,320
577,79
577,207
577,334
577,401
577,496
578,118
578,308
578,370
578,580
578,610
578,651
579,128
579,151
579,264
579,370
579,510
579,611
579,631
580,1
580,48
580,50
580,59
580,73
580,85
580,88
580,127
580,198
580,222
580,395
580,445
581,371
581,374
581,408
581,493
581,617
581,687
582,81
582,176
582,195
582,272
582,339
582,404
582,431
582,629
583,22
583,32
583,59
583,73
583,81
583,86
583,106
583,108
583,131
583,219
583,319
583,396
584,50
584,63
584,119
584,146
584,209
584,349
584,587
584,643
585,33
585,117
585,292
585,335
585,337
585,411
585,480
586,135
586,136
586,156
586,453
586,461
586,563
587,79
587,109
587,179
587,293
587,404
587,537
587,716
588,146
588,176
588,277
588,717
588,718
589,4
589,164
589,165
589,170
589,171
589,216
590,158
590,189
590,257
590,271
590,319
590,320
590,573
590,620
591,77
591,115
591,362
591,589
591,625
592,34
592,39
592,147
592,199
592,239
592,446
592,496
592,507
592,508
592,509
592,622
592,637
592,638
592,719
593,1
593,9
593,27
593,50
593,77
593,80
593,92
593,98
593,206
593,230
593,231
593,416
593,442
593,458
593,496
593,682
594,7
594,8
594,20
594,23
594,24
594,26
594,52
594,58
594,59
594,69
594,74
594,75
594,76
594,154
594,159
594,205
594,299
594,319
594,320
594,430
594,562
595,9
595,24
595,28
595,40
595,60
595,69
595,70
595,71
595,84
595,127
595,252
595,428
595,527
595,666
596,15
596,16
596,30
596,65
596,86
596,259
596,335
596,411
596,681
597,3
597,28
597,85
597,86
597,88
597,152
597,156
597,157
597,226
597,300
597,302
598,185
598,261
598,361
598,371
598,497
599,48
599,63
599,82
599,85
599,92
599,287
599,715
600,94
600,100
600,139
600,206
600,257
601,5
601,9
601,48
601,74
601,88
601,354
601,496
602,13
602,14
602,49
602,50
602,57
602,61
602,69
602,70
602,71
602,72
602,78
602,84
602,126
602,134
602,143
602,153
602,278
602,283
602,393
602,496
603,9
603,15
603,62
603,76
603,81
603,86
603,92
603,219
603,303
603,410
603,684
603,697
604,2
604,4
604,8
604,15
604,26
604,27
604,28
604,30
604,47
604,51
604,57
604,62
604,69
604,70
604,75
604,80
604,84
604,117
604,123
604,124
604,131
604,246
604,296
604,459
604,699
605,45
605,357
605,359
605,418
605,557
605,689
606,209
606,498
606,499
606,540
606,589
606,609
606,634
607,2
607,13
607,56
607,59
607,60
607,71
607,96
607,101
607,126
607,204
607,220
607,284
607,331
607,437
607,552
607,589
607,649
607,698
608,23
608,24
608,25
608,34
608,58
608,60
608,68
608,76
608,87
608,123
608,264
608,283
608,334
608,344
608,349
608,610
609,2
609,7
609,25
609,51
609,62
609,75
609,88
609,131
609,176
609,202
609,262
609,597
610,128
610,196
610,354
610,511
610,545
610,617
610,653
611,43
611,133
611,182
611,264
611,339
611,508
612,85
612,105
612,120
612,132
612,135
612,229
612,307
612,335
612,470
612,492
613,170
613,362
613,452
613,453
613,497
614,24
614,25
614,50
614,69
614,70
614,71
614,72
614,73
614,74
614,125
614,126
614,157
614,198
614,220
614,230
614,300
614,369
614,375
614,649
614,723
615,1
615,5
615,22
615,27
615,49
615,61
615,69
615,70
615,72
615,73
615,87
615,93
615,126
615,272
615,278
615,288
615,342
615,406
615,552
616,33
616,97
616,118
616,181
616,329
616,567
616,720
617,42
617,301
617,705
617,722
617,723
618,13
618,63
618,70
618,76
618,110
618,416
618,599
619,79
619,168
619,289
619,354
619,564
620,37
620,38
620,40
620,47
620,179
620,355
620,685
621,83
621,279
621,403
621,508
621,510
622,4
622,51
622,365
622,382
622,442
622,597
622,611
623,1
623,7
623,8
623,26
623,48
623,51
623,75
623,83
623,86
623,146
623,172
623,205
623,337
623,617
624,7
624,16
624,63
624,129
624,152
625,25
625,31
625,37
625,38
625,170
625,171
625,227
625,355
625,607
626,238
626,358
626,395
626,420
626,569
626,705
627,3
627,13
627,20
627,47
627,74
627,111
627,128
627,250
627,496
628,310
628,330
628,364
628,587
628,616
628,671
629,172
629,195
629,334
629,446
629,507
629,509
630,2
630,13
630,14
630,16
630,22
630,57
630,60
630,70
630,71
630,72
630,86
630,96
630,123
630,204
630,396
631,33
631,97
631,267
631,289
631,325
631,381
631,462
631,544
632,16
632,50
632,99
632,116
632,148
632,153
632,198
632,348
632,369
632,441
632,456
633,18
633,92
633,166
633,339
633,354
633,357
633,580
633,626
634,142
634,206
634,255
634,399
634,411
634,628
635,53
635,137
635,210
635,261
635,262
635,408
635,562
636,23
636,25
636,57
636,58
636,60
636,64
636,69
636,70
636,71
636,123
636,152
636,317
636,401
637,13
637,24
637,68
637,96
637,219
637,330
637,439
637,491
637,683
637,700
638,25
638,61
638,73
638,308
638,334
638,555
639,91
639,152
639,387
639,546
639,558
639,631
640,2
640,3
640,25
640,26
640,74
640,75
640,105
640,164
640,271
640,439
641,5
641,22
641,23
641,28
641,48
641,51
641,56
641,57
641,59
641,60
641,68
641,71
641,72
641,75
641,84
641,86
641,172
641,639
641,709
642,22
642,23
642,24
642,29
642,57
642,58
642,61
642,69
642,70
642,71
642,72
642,86
642,91
642,96
642,97
642,117
642,123
642,124
642,125
642,198
642,214
642,283
642,544
642,645
643,34
643,90
643,91
643,208
643,474
643,591
644,42
644,63
644,83
644,84
644,87
644,89
644,124
644,230
644,330
644,381
644,561
645,14
645,22
645,25
645,26
645,27
645,49
645,56
645,58
645,59
645,60
645,61
645,64
645,68
645,76
645,84
645,86
645,92
645,111
645,123
645,124
645,151
645,199
645,204
645,220
645,223
645,283
645,502
645,630
646,188
646,243
646,363
646,551
646,570
646,613
646,653
647,5
647,62
647,64
647,250
647,381
647,629
648,23
648,58
648,69
648,70
648,71
648,123
648,124
648,126
648,147
648,198
648,250
648,253
648,320
648,406
648,494
648,580
648,685
649,2
649,6
649,7
649,8
649,22
649,24
649,26
649,27
649,31
649,48
649,50
649,56
649,58
649,59
649,68
649,72
649,75
649,125
649,139
649,158
649,302
649,664
650,2
650,3
650,9
650,10
650,22
650,23
650,24
650,28
650,56
650,57
650,58
650,59
650,60
650,62
650,68
650,69
650,71
650,73
650,76
650,86
650,123
650,124
650,125
650,127
650,145
650,220
650,266
650,283
650,334
650,512
651,13
651,167
651,214
651,339
651,373
651,394
651,426
651,656
652,1
652,3
652,26
652,29
652,47
652,57
652,69
652,71
652,73
652,146
652,147
652,158
652,171
652,195
652,219
652,275
652,276
652,412
652,532
652,594
652,643
653,97
653,115
653,139
653,226
653,276
653,300
653,348
653,704
654,7
654,75
654,116
654,159
654,202
654,205
654,263
654,315
655,14
655,21
655,29
655,82
655,87
655,171
655,239
655,665
656,32
656,52
656,73
656,75
656,250
656,300
656,496
656,611
657,17
657,47
657,146
657,199
657,287
658,234
658,261
658,399
658,403
658,463
658,528
658,577
658,675
659,8
659,13
659,127
659,151
659,220
660,180
660,186
660,623
660,639
660,657
660,676
660,727
661,14
661,24
661,25
661,47
661,61
661,70
661,71
661,72
661,73
661,88
661,116
661,123
661,124
661,126
661,181
661,198
661,484
661,507
661,556
661,622
661,657
662,97
662,340
662,432
662,461
662,567
662,632
663,2
663,3
663,22
663,27
663,48
663,56
663,58
663,59
663,62
663,68
663,73
663,84
663,92
663,123
663,124
663,208
663,319
663,356
663,371
663,377
663,432
663,560
663,642
664,42
664,59
664,110
664,112
664,156
664,381
664,599
664,659
665,15
665,25
665,50
665,57
665,60
665,61
665,70
665,71
665,72
665,73
665,88
665,126
665,127
665,425
665,450
665,452
665,453
665,656
666,7
666,22
666,26
666,27
666,60
666,61
666,62
666,68
666,86
666,123
666,125
666,127
666,205
666,246
666,302
666,347
666,369
666,695
666,711
667,9
667,26
667,30
667,59
667,63
667,73
667,164
667,214
667,287
667,333
667,350
667,661
668,362
668,399
668,502
668,512
668,533
668,586
668,588
668,592
669,4
669,5
669,15
669,17
669,98
669,151
669,214
669,219
669,240
669,617
670,40
670,223
670,224
670,281
670,287
670,320
670,396
671,129
671,372
671,373
671,422
671,508
671,509
671,677
672,179
672,209
672,293
672,544
672,549
672,554
672,667
673,14
673,49
673,148
673,288
673,342
673,431
674,35
674,167
674,241
674,242
674,372
674,394
674,418
674,436
674,517
674,553
675,13
675,29
675,76
675,88
675,132
675,230
675,463
675,500
676,3
676,24
676,26
676,27
676,28
676,30
676,51
676,59
676,72
676,74
676,84
676,86
676,91
676,107
676,152
676,355
676,426
676,476
676,489
676,601
676,624
677,31
677,32
677,179
677,180
677,183
677,187
677,198
677,320
677,463
678,10
678,173
678,302
678,410
678,527
679,30
679,50
679,106
679,148
679,431
679,689
680,85
680,89
680,179
680,215
680,290
680,307
680,440
680,451
680,452
680,667
681,310
681,380
681,507
681,566
681,652
682,18
682,119
682,158
682,299
682,300
682,491
682,644
682,683
683,439
683,501
683,530
683,531
683,535
683,633
683,634
684,1
684,3
684,28
684,29
684,48
684,59
684,72
684,73
684,79
684,84
684,131
684,171
684,195
684,278
684,378
684,463
684,616
685,13
685,15
685,85
685,89
685,98
685,99
685,202
685,317
685,656
685,664
685,726
686,43
686,45
686,218
686,241
686,242
686,437
686,441
687,39
687,42
687,99
687,202
687,213
687,244
687,263
687,344
687,495
688,211
688,353
688,508
688,572
688,622
688,631
688,640
688,697
689,13
689,33
689,50
689,116
689,256
690,417
690,438
690,451
690,452
690,453
690,470
690,623
690,690
690,725
691,65
691,77
691,80
691,218
691,288
692,4
692,16
692,62
692,205
692,446
692,447
692,448
692,472
692,556
692,607
692,703
693,74
693,86
693,88
693,205
693,251
693,456
693,494
693,664
694,357
694,358
694,359
694,360
694,523
694,632
695,16
695,47
695,51
695,202
695,205
695,263
695,272
695,287
695,344
695,420
696,1
696,26
696,27
696,31
696,50
696,72
696,76
696,79
696,113
696,135
696,168
696,186
696,375
696,470
696,501
696,516
697,4
697,5
697,26
697,28
697,47
697,77
697,172
697,319
697,357
697,396
697,419
697,615
698,4
698,9
698,13
698,23
698,24
698,25
698,27
698,28
698,50
698,60
698,68
698,70
698,71
698,72
698,73
698,86
698,97
698,124
698,132
698,211
698,283
698,416
699,2
699,23
699,56
699,63
699,73
699,92
699,146
699,147
699,182
699,228
700,408
700,489
700,497
700,536
700,586
700,588
700,600
700,609
700,696
700,729
701,150
701,186
701,191
701,477
701,552
702,5
702,92
702,147
702,204
702,317
702,334
702,445
703,2
703,9
703,28
703,50
703,68
703,124
703,125
703,172
703,198
703,230
704,141
704,143
704,262
704,335
705,307
705,440
705,452
705,453
705,454
705,508
705,547
705,647
706,37
706,38
706,40
706,53
706,63
706,89
706,155
706,261
706,262
706,374
706,606
707,1
707,3
707,29
707,35
707,49
707,79
707,196
707,438
707,665
708,1
708,2
708,30
708,47
708,170
708,171
708,266
708,540
708,601
708,614
708,670
709,3
709,9
709,39
709,63
709,116
709,159
709,227
709,267
709,348
709,456
709,569
709,629
710,2
710,13
710,29
710,75
710,97
710,115
711,23
711,24
711,27
711,33
711,50
711,56
711,60
711,61
711,72
711,82
711,84
711,99
711,124
711,141
711,226
711,346
711,375
712,99
712,279
712,403
712,426
712,444
712,508
712,631
713,15
713,19
713,159
713,271
713,319
713,322
713,398
713,541
714,56
714,92
714,264
714,278
714,353
714,373
714,507
714,509
714,510
714,631
715,91
715,128
715,251
715,397
715,631
716,47
716,202
716,216
716,349
716,422
716,646
717,115
717,119
717,147
717,332
717,515
717,617
717,665
718,36
718,37
718,41
718,167
718,214
718,227
718,294
718,359
718,372
718,373
718,394
718,472
718,569
718,664
719,15
719,85
719,89
719,119
719,179
719,255
719,290
719,389
719,596
720,16
720,25
720,27
720,69
720,118
720,205
720,635
721,62
721,69
721,70
721,73
721,97
721,126
721,148
721,149
721,206
721,416
722,22
722,23
722,26
722,27
722,28
722,50
722,58
722,61
722,68
722,72
722,84
722,88
722,124
722,205
722,380
722,385
722,464
722,723
723,9
723,25
723,27
723,50
723,61
723,74
723,84
723,87
723,109
723,116
723,121
723,130
723,131
723,172
723,250
723,279
723,299
723,317
723,334
723,336
723,424
724,14
724,65
724,85
724,87
724,148
724,230
724,301
724,311
724,415
725,4
725,29
725,31
725,48
725,180
725,187
725,449
725,502
725,604
725,623
725,687
726,7
726,22
726,23
726,26
726,48
726,52
726,56
726,75
726,84
726,103
726,137
726,159
726,243
727,16
727,22
727,23
727,56
727,59
727,63
727,98
727,123
727,147
727,263
727,313
727,426
727,431
727,510
728,213
728,257
728,267
728,293
728,394
728,453
728,462
728,682
729,43
729,167
729,202
729,212
729,218
729,238
729,339
729,357
729,364
729,385
729,387
729,441
729,445
730,5
730,9
730,15
730,19
730,86
730,130
730,131
730,207
730,214
730,416
731,7
731,22
731,23
731,47
731,59
731,61
731,126
731,129
731,173
731,202
731,278
731,330
731,664
732,498
732,534
732,586
732,593
732,600
733,178
733,478
733,480
733,484
733,559
734,244
734,255
734,259
734,340
734,352
734,461
734,554
734,702
735,509
735,530
735,531
735,586
735,589
735,591
736,2
736,26
736,48
736,112
736,205
736,481
737,116
737,209
737,255
737,256
737,287
737,411
737,440
737,461
738,6
738,13
738,56
738,68
738,74
738,76
738,86
738,127
738,131
738,230
738,330
738,496
739,79
739,87
739,126
739,152
739,181
739,198
740,50
740,72
740,97
740,116
740,124
740,256
740,268
740,269
740,420
740,550
740,659
741,97
741,139
741,253
741,284
741,335
741,388
741,440
742,97
742,139
742,307
742,325
742,379
742,411
742,667
743,2
743,92
743,173
743,697
743,698
744,31
744,186
744,464
744,478
744,545
744,552
744,583
744,649
745,22
745,24
745,60
745,61
745,68
745,147
745,160
745,272
745,283
745,288
745,446
745,521
745,631
745,665
746,18
746,42
746,77
746,105
746,204
746,272
746,560
746,658
747,19
747,152
747,207
747,303
747,659
747,718
748,2
748,47
748,88
748,199
748,288
748,342
748,410
749,1
749,64
749,219
749,305
749,460
749,472
749,519
749,521
750,13
750,88
750,95
750,127
750,160
750,175
750,199
750,249
750,320
750,322
750,398
750,660
751,151
751,515
751,529
751,533
751,535
751,588
751,600
752,137
752,262
752,284
752,297
752,520
752,546
753,89
753,116
753,135
753,290
753,301
753,326
753,327
753,440
753,456
753,461
753,565
753,593
754,9
754,25
754,28
754,29
754,57
754,71
754,76
754,86
754,91
754,428
754,463
754,498
754,529
754,588
754,589
754,609
754,620
755,1
755,3
755,7
755,26
755,28
755,30
755,75
755,222
755,362
755,529
755,584
755,609
756,180
756,191
756,261
756,463
756,552
756,625
756,676
757,37
757,38
757,256
757,257
757,482
757,495
757,546
758,13
758,14
758,18
758,27
758,69
758,71
758,261
758,411
758,425
759,30
759,71
759,87
759,96
759,116
759,127
759,426
760,115
760,118
760,438
760,545
760,578
760,725
761,19
761,254
761,255
761,411
761,427
761,632
762,298
762,362
762,498
762,502
762,540
762,586
762,703
763,32
763,179
763,261
763,264
763,445
764,147
764,399
764,497
764,533
764,588
764,625
764,634
764,655
764,695
765,22
765,24
765,69
765,70
765,71
765,72
765,82
765,96
765,139
765,198
765,283
765,300
765,349
765,461
765,536
766,16
766,91
766,146
766,198
766,220
766,325
766,329
766,394
767,6
767,49
767,91
767,447
767,496
767,521
767,546
767,665
767,697
767,711
768,7
768,39
768,63
768,501
768,572
769,40
769,41
769,101
769,132
769,136
769,141
769,171
769,318
769,336
769,408
769,524
769,568
770,85
770,90
770,147
770,243
770,380
771,15
771,90
771,108
771,110
771,459
771,581
772,3
772,26
772,31
772,63
772,377
772,381
772,597
773,1
773,29
773,32
773,49
773,57
773,61
773,69
773,77
773,121
773,127
773,349
773,392
773,418
773,432
773,559
774,89
774,202
774,215
774,389
774,401
774,402
774,444
775,597
775,656
775,660
775,718
776,183
776,321
776,437
776,438
776,467
776,514
776,515
776,519
776,532
776,534
776,537
776,552
776,725
777,38
777,41
777,137
777,194
777,600
777,710
778,33
778,115
778,261
778,262
778,408
778,517
778,552
778,636
779,53
779,77
779,81
779,82
779,156
779,551
780,159
780,205
780,223
780,556
781,28
781,74
781,83
781,130
781,288
781,410
782,33
782,267
782,300
782,333
782,603
783,158
783,183
783,191
783,388
783,391
783,404
783,499
783,526
784,3
784,6
784,31
784,39
784,120
784,169
784,180
784,186
784,217
784,224
784,225
784,287
784,413
784,585
785,33
785,49
785,97
785,117
785,121
785,148
785,204
785,349
785,567
786,152
786,201
786,216
786,219
786,276
786,427
786,519
787,77
787,87
787,167
787,195
787,214
788,230
788,264
788,310
788,448
788,660
789,47
789,82
789,170
789,183
789,279
789,330
790,2
790,7
790,13
790,23
790,25
790,26
790,27
790,30
790,48
790,56
790,58
790,59
790,60
790,68
790,76
790,102
790,123
790,125
790,147
790,157
790,279
790,283
790,286
790,354
790,407
790,507
790,689
791,9
791,25
791,61
791,63
791,84
791,105
791,123
791,124
791,125
791,128
791,204
791,215
791,336
791,521
791,604
791,631
792,25
792,58
792,60
792,61
792,68
792,72
792,73
792,84
792,124
792,125
792,146
792,330
792,412
792,530
793,91
793,242
793,251
793,280
793,446
793,508
793,509
793,674
794,47
794,49
794,58
794,60
794,68
794,84
794,90
794,114
794,123
794,125
794,143
794,207
794,256
794,349
794,532
794,654
795,3
795,16
795,76
795,205
795,218
795,263
795,419
795,584
795,616
795,673
795,717
796,14
796,106
796,198
796,206
796,322
796,369
796,440
797,36
797,213
797,217
797,359
797,476
798,31
798,115
798,187
798,247
798,320
798,463
798,552
798,627
799,4
799,6
799,24
799,32
799,180
799,186
799,404
800,30
800,50
800,63
800,207
800,215
800,632
800,727
801,194
801,262
801,466
801,517
801,559
802,13
802,14
802,52
802,198
802,432
803,2
803,23
803,57
803,69
803,72
803,96
803,131
803,230
803,278
803,346
803,396
803,416
804,13
804,56
804,59
804,60
804,73
804,84
804,86
804,124
804,131
804,152
804,202
804,505
804,631
804,660
804,665
805,92
805,103
805,164
805,272
805,393
805,436
805,662
806,32
806,100
806,149
806,198
806,219
806,412
806,462
806,519
807,1
807,3
807,23
807,26
807,27
807,47
807,56
807,68
807,88
807,147
807,199
807,308
807,541
807,692
808,164
808,271
808,314
808,422
808,618
808,649
808,662
809,14
809,22
809,24
809,27
809,39
809,47
809,50
809,71
809,74
809,82
809,199
809,375
810,166
810,188
810,249
810,294
810,339
810,354
810,361
811,2
811,4
811,5
811,8
811,22
811,24
811,26
811,28
811,47
811,48
811,58
811,60
811,61
811,62
811,72
811,73
811,84
811,107
811,125
811,158
811,243
811,283
811,329
811,496
811,502
811,611
811,619
811,681
812,262
812,315
812,371
812,529
812,534
812,563
812,590
812,594
813,39
813,213
813,216
813,557
813,569
813,572
813,577
813,664
814,13
814,16
814,19
814,76
814,98
814,105
814,131
814,132
814,416
814,458
815,7
815,29
815,32
815,33
815,91
815,319
815,334
815,451
816,198
816,255
816,289
816,300
816,411
816,697
817,17
817,22
817,24
817,28
817,32
817,56
817,57
817,68
817,69
817,70
817,76
817,77
817,123
817,124
817,125
817,126
817,132
817,198
817,216
817,236
817,322
817,327
817,527
817,704
818,16
818,239
818,322
818,396
818,407
818,430
818,614
819,161
819,223
819,287
819,588
819,598
820,1
820,6
820,22
820,24
820,27
820,50
820,58
820,60
820,61
820,74
820,106
820,123
820,124
820,125
820,127
820,129
820,300
820,313
820,330
820,345
820,349
820,493
820,589
821,16
821,48
821,159
821,205
821,254
822,5
822,8
822,9
822,13
822,24
822,28
822,42
822,48
822,57
822,59
822,68
822,71
822,73
822,74
822,76
822,86
822,124
822,126
822,131
822,230
822,512
822,572
823,180
823,546
823,560
823,578
823,633
823,675
824,166
824,339
824,354
824,357
824,358
824,359
824,361
824,422
824,581
825,106
825,158
825,205
825,317
825,349
825,425
825,433
825,687
826,13
826,27
826,62
826,76
826,79
826,88
826,463
827,43
827,166
827,356
827,357
827,361
827,545
827,684
828,39
828,106
828,185
828,267
828,327
828,569
829,35
829,178
829,198
829,315
829,321
829,580
830,214
830,272
830,385
830,491
831,13
831,16
831,24
831,28
831,56
831,68
831,74
831,84
831,86
831,87
831,126
831,127
831,198
831,204
831,218
831,351
831,544
832,14
832,28
832,32
832,50
832,116
832,117
832,132
832,139
832,330
832,340
832,349
832,615
833,6
833,77
833,313
833,369
833,435
833,542
834,140
834,144
834,145
834,355
834,496
834,524
834,619
834,729
835,37
835,38
835,40
835,265
835,334
835,385
835,389
835,446
835,507
836,180
836,196
836,234
836,399
836,435
836,463
836,532
837,9
837,24
837,25
837,68
837,70
837,115
837,123
837,125
837,126
837,317
837,661
838,76
838,96
838,126
838,131
838,152
839,5
839,15
839,24
839,26
839,27
839,47
839,48
839,52
839,58
839,62
839,68
839,198
839,219
839,265
839,283
839,328
839,551
839,639
839,685
839,706
840,165
840,189
840,246
840,263
840,281
840,354
840,377
840,430
841,279
841,355
841,383
841,403
841,432
841,722
842,307
842,454
842,462
842,702
842,703
843,39
843,158
843,315
843,372
843,373
843,394
843,543
843,572
844,4
844,31
844,75
844,147
844,171
844,172
844,306
844,396
844,432
844,593
845,3
845,22
845,23
845,26
845,49
845,63
845,69
845,73
845,74
845,77
845,84
845,86
845,99
845,100
845,125
845,147
845,231
845,288
845,297
845,328
845,677
846,37
846,41
846,169
846,296
846,320
846,463
846,728
847,182
847,355
847,361
847,377
847,573
848,19
848,25
848,47
848,72
848,73
848,124
848,125
848,197
848,298
849,22
849,47
849,49
849,57
849,69
849,70
849,86
849,87
849,98
849,123
849,131
849,199
849,219
849,288
849,596
849,612
850,5
850,10
850,13
850,76
850,123
850,272
850,410
850,551
850,670
851,5
851,7
851,48
851,62
851,65
851,460
851,503
851,519
851,556
852,262
852,437
852,463
852,498
852,529
853,4
853,51
853,59
853,68
853,75
853,80
853,158
853,172
853,283
853,377
853,432
853,483
853,661
854,1
854,2
854,22
854,27
854,30
854,31
854,34
854,56
854,61
854,152
854,164
854,172
854,306
854,386
854,418
854,488
854,596
854,656
855,4
855,7
855,22
855,24
855,50
855,51
855,56
855,57
855,59
855,60
855,61
855,68
855,70
855,71
855,73
855,84
855,88
855,124
855,125
855,199
855,283
855,325
855,387
855,464
855,478
855,615
855,681
856,28
856,49
856,77
856,86
856,111
857,14
857,30
857,50
857,79
857,202
857,340
857,714
858,28
858,45
858,137
858,138
858,166
858,339
858,481
859,2
859,14
859,29
859,33
859,57
859,69
859,72
859,97
859,327
859,340
859,461
859,563
859,615
860,2
860,7
860,9
860,47
860,169
860,192
860,458
861,53
861,261
861,327
861,437
861,515
861,517
861,587
861,606
862,31
862,77
862,106
862,180
862,211
862,219
862,234
862,293
863,97
863,135
863,143
863,181
863,550
863,605
863,701
864,22
864,23
864,27
864,28
864,29
864,30
864,57
864,58
864,61
864,70
864,71
864,72
864,74
864,123
864,125
864,179
864,254
864,368
864,608
865,31
865,100
865,188
865,221
865,243
865,273
865,404
865,611
865,653
866,7
866,13
866,17
866,24
866,51
866,56
866,57
866,58
866,62
866,68
866,69
866,71
866,72
866,75
866,76
866,84
866,123
866,124
866,125
866,139
866,173
866,283
866,433
866,469
866,480
866,549
867,31
867,32
867,79
867,193
867,234
867,338
867,477
867,480
867,552
867,648
868,6
868,24
868,26
868,28
868,29
868,56
868,57
868,58
868,59
868,68
868,69
868,70
868,71
868,72
868,75
868,76
868,79
868,84
868,123
868,124
868,125
868,166
868,204
868,283
868,327
868,353
868,372
868,404
868,508
868,682
869,63
869,87
869,261
869,287
869,300
869,375
869,387
869,493
870,450
870,625
870,669
871,149
871,268
871,294
871,333
871,415
872,121
872,260
872,335
872,337
872,413
872,559
873,11
873,26
873,36
873,165
873,198
873,216
873,227
873,314
873,422
873,585
873,670
874,40
874,149
874,159
874,220
874,231
874,270
875,3
875,23
875,26
875,27
875,31
875,56
875,58
875,63
875,68
875,73
875,106
875,124
875,201
875,204
875,271
875,272
875,283
875,439
875,455
875,468
875,558
875,632
875,653
876,3
876,23
876,26
876,27
876,31
876,49
876,58
876,68
876,77
876,80
876,106
876,124
876,201
876,204
876,272
876,283
876,323
876,543
877,2
877,23
877,26
877,27
877,31
877,49
877,56
877,62
877,63
877,68
877,73
877,80
877,106
877,124
877,202
877,204
877,271
877,283
877,434
877,440
877,525
877,578
878,2
878,3
878,23
878,26
878,27
878,31
878,49
878,58
878,68
878,77
878,80
878,106
878,124
878,201
878,202
878,204
878,230
878,271
878,283
878,500
878,517
878,610
879,22
879,23
879,24
879,27
879,57
879,59
879,60
879,61
879,71
879,72
879,96
879,124
879,127
879,157
879,198
879,300
879,367
879,395
879,401
879,422
879,691
880,118
880,229
880,337
880,408
880,514
880,517
880,603
880,618
880,685
881,234
881,302
881,404
881,455
881,703
882,30
882,348
882,387
882,456
882,656
883,79
883,313
883,332
883,348
883,424
884,140
884,144
884,198
884,359
884,361
884,545
885,79
885,92
885,169
885,262
885,306
885,486
885,649
886,139
886,226
886,255
886,411
886,632
886,712
887,34
887,60
887,170
887,429
887,475
887,519
887,572
887,573
887,620
888,52
888,94
888,184
888,198
888,221
888,547
889,100
889,256
889,268
889,440
889,588
889,667
890,1
890,23
890,26
890,27
890,56
890,63
890,68
890,73
890,77
890,80
890,106
890,123
890,124
890,204
890,226
890,272
890,319
890,555
891,1
891,2
891,26
891,27
891,31
891,56
891,58
891,63
891,68
891,73
891,77
891,93
891,124
891,125
891,176
891,204
891,222
891,234
891,283
891,295
891,397
892,1
892,23
892,27
892,31
892,63
892,68
892,73
892,77
892,204
892,234
892,272
892,279
892,283
892,348
892,463
893,1
893,2
893,3
893,22
893,26
893,27
893,49
893,56
893,58
893,63
893,68
893,73
893,77
893,80
893,106
893,194
893,204
893,209
893,234
893,272
893,337
893,346
893,465
893,575
893,717
894,1
894,2
894,16
894,20
894,26
894,27
894,31
894,49
894,56
894,58
894,63
894,68
894,73
894,106
894,123
894,124
894,204
894,283
894,319
894,656
895,186
895,466
895,623
896,120
896,181
896,206
896,288
896,332
896,537
896,596
896,617
897,22
897,25
897,28
897,33
897,49
897,57
897,61
897,69
897,70
897,71
897,72
897,116
897,206
897,255
897,295
897,413
897,461
897,608
897,721
898,97
898,117
898,139
898,256
898,257
898,357
898,567
899,453
899,454
899,498
899,499
899,537
899,589
899,630
900,49
900,50
900,189
900,258
900,300
900,326
900,327
900,440
901,4
901,29
901,79
901,168
901,404
901,463
901,529
901,633
902,29
902,62
902,67
902,158
902,199
902,546
902,610
902,624
903,6
903,135
903,136
903,198
903,261
903,515
903,617
904,32
904,141
904,229
904,335
904,460
904,470
904,625
905,40
905,41
905,52
905,80
905,505
906,4
906,6
906,11
906,51
906,158
906,189
906,274
906,424
906,433
907,47
907,49
907,74
907,87
907,88
907,124
907,127
907,220
907,283
907,546
908,1
908,47
908,61
908,70
908,71
908,182
908,198
908,325
908,452
908,453
908,462
908,491
908,692
909,1
909,2
909,5
909,22
909,23
909,24
909,26
909,27
909,28
909,56
909,57
909,58
909,59
909,73
909,75
909,122
909,123
909,180
909,249
909,283
909,319
909,402
909,441
909,463
909,531
909,701
910,588
910,633
910,635
910,655
910,695
911,45
911,87
911,126
911,204
911,557
912,7
912,13
912,22
912,25
912,28
912,30
912,51
912,57
912,58
912,60
912,72
912,76
912,97
912,123
912,172
912,350
912,432
913,1
913,13
913,56
913,58
913,59
913,62
913,64
913,72
913,83
913,84
913,92
913,125
913,126
913,131
913,132
913,230
913,336
913,349
913,522
913,602
914,105
914,279
914,280
914,473
914,641
914,710
915,168
915,180
915,229
915,514
915,562
915,649
916,85
916,300
916,369
916,416
916,478
917,32
917,152
917,234
917,391
917,478
917,518
917,527
917,559
917,723
918,150
918,199
918,485
918,583
919,1
919,7
919,25
919,48
919,49
919,56
919,69
919,70
919,117
919,122
919,327
919,433
920,24
920,27
920,29
920,30
920,56
920,57
920,58
920,68
920,69
920,70
920,71
920,72
920,74
920,84
920,86
920,123
920,125
920,164
920,181
920,211
920,283
920,343
920,354
920,359
920,376
921,1
921,13
921,16
921,23
921,24
921,25
921,32
921,49
921,57
921,60
921,71
921,76
921,86
921,88
921,123
921,124
921,126
921,198
921,199
921,204
921,206
921,230
921,255
921,283
921,350
921,383
921,444
921,474
922,416
922,586
922,589
922,590
922,592
922,600
922,702
923,24
923,209
923,332
923,367
923,401
923,426
924,67
924,83
924,123
924,202
924,381
924,527
925,4
925,55
925,158
925,161
925,192
925,219
925,443
925,689
926,18
926,33
926,62
926,96
926,109
926,148
926,317
926,327
926,454
927,1
927,2
927,26
927,79
927,186
927,191
927,234
927,272
927,319
927,474
927,583
927,711
928,11
928,145
928,170
928,172
928,195
928,504
929,163
929,498
929,535
929,586
929,589
929,591
929,655
930,2
930,4
930,14
930,26
930,29
930,115
930,261
930,306
930,321
930,560
930,580
930,692
931,37
931,40
931,139
931,162
931,214
931,228
931,352
932,77
932,83
932,100
932,410
932,411
932,415
932,446
933,1
933,2
933,5
933,18
933,30
933,32
933,47
933,81
933,158
933,159
933,164
933,362
933,651
934,90
934,118
934,150
934,186
934,187
934,191
934,404
934,553
935,355
935,534
935,592
935,696
935,702
936,200
936,201
936,217
936,276
936,287
936,357
936,541
936,569
937,50
937,63
937,78
937,97
937,119
937,198
937,267
937,461
938,118
938,121
938,128
938,146
938,427
938,496
938,700
939,1
939,13
939,63
939,249
939,358
939,458
939,642
939,665
940,14
940,63
940,97
940,179
940,259
940,339
940,360
940,452
940,461
940,504
941,5
941,8
941,30
941,58
941,59
941,61
941,63
941,125
941,146
941,158
941,166
941,199
941,211
941,252
941,270
942,9
942,23
942,24
942,27
942,60
942,61
942,73
942,84
942,86
942,88
942,112
942,118
942,123
942,131
942,189
942,283
942,425
942,437
943,19
943,48
943,49
943,64
943,74
943,87
943,88
943,90
943,109
943,127
943,342
943,381
943,561
