1,3,2.0
1,4,5.0
1,5,4.0
1,7,4.0
1,8,5.0
1,10,2.0
1,11,4.0
2,5,5.0
2,7,4.0
2,13,5.0
2,17,5.0
2,18,5.0
2,20,5.0
3,22,5.0
3,23,3.0
3,24,4.0
3,25,3.0
3,26,4.0
3,27,4.0
3,29,3.0
3,3,4.0
3,30,3.0
3,31,4.0
3,34,3.0
3,36,2.0
4,37,3.0
4,38,3.0
4,42,2.0
4,43,3.0
4,44,2.0
4,45,2.0
5,2,4.0
5,7,2.0
5,47,3.0
5,48,3.0
5,49,4.0
5,50,3.0
5,17,4.0
5,54,3.0
6,57,5.0
6,58,3.0
6,59,4.0
6,60,3.0
6,62,3.0
6,64,3.0
6,51,3.0
6,16,4.0
6,65,3.0
6,66,2.0
6,67,4.0
7,22,5.0
7,23,1.0
7,56,4.0
7,69,4.0
7,70,4.0
7,72,3.0
7,57,4.0
7,58,3.0
7,73,3.0
7,4,3.0
7,74,5.0
7,75,2.0
7,5,4.0
7,76,4.0
7,8,3.0
7,77,4.0
7,64,4.0
7,78,4.0
8,26,4.0
8,29,3.0
8,79,4.0
8,7,5.0
8,47,5.0
8,8,4.0
8,80,4.0
8,81,3.0
9,73,5.0
9,61,5.0
9,84,5.0
9,9,3.0
9,49,4.0
9,77,4.0
9,87,5.0
9,88,4.0
9,89,5.0
9,90,4.0
9,91,5.0
9,93,5.0
9,94,3.0
9,95,3.0
10,96,3.0
10,97,3.0
10,100,5.0
10,101,4.0
10,102,4.0
11,105,4.0
11,107,3.0
11,110,4.0
11,93,4.0
11,102,4.0
11,111,3.0
11,112,4.0
12,2,3.0
12,49,3.0
12,117,4.0
12,118,3.0
12,97,3.0
12,89,3.0
12,120,3.0
12,121,3.0
13,22,4.0
13,24,5.0
13,56,4.0
13,124,3.0
13,72,1.0
13,125,4.0
13,25,5.0
13,27,5.0
13,73,4.0
13,60,5.0
13,61,3.0
13,84,4.0
13,76,3.0
13,88,4.0
13,65,3.0
13,128,4.0
13,129,5.0
13,130,5.0
14,22,4.0
14,26,4.0
14,3,5.0
14,131,4.0
14,62,4.0
14,86,4.0
14,14,4.0
14,88,3.0
14,64,4.0
14,132,2.0
14,133,3.0
14,134,3.0
15,135,4.0
15,137,2.0
15,138,2.0
15,139,5.0
15,140,2.0
15,144,2.0
16,14,5.0
16,33,4.0
16,116,4.0
16,148,5.0
16,97,5.0
16,150,4.0
16,151,4.0
17,41,3.0
17,152,3.0
17,111,1.0
17,156,4.0
17,157,4.0
18,158,5.0
18,51,3.0
18,37,3.0
18,40,3.0
18,162,4.0
19,30,4.0
19,17,5.0
19,43,3.0
19,166,4.0
19,167,3.0
20,24,5.0
20,68,4.0
20,56,5.0
20,72,3.0
20,58,4.0
20,59,4.0
20,28,5.0
20,61,5.0
20,84,5.0
20,76,5.0
20,66,4.0
21,169,4.0
21,132,1.0
21,170,2.0
21,17,4.0
21,172,2.0
21,173,2.0
21,175,2.0
22,80,3.0
22,37,5.0
22,38,5.0
22,40,4.0
22,41,5.0
22,178,3.0
23,22,4.0
23,23,2.0
23,69,3.0
23,71,3.0
23,57,5.0
23,4,4.0
23,6,5.0
23,31,2.0
23,179,2.0
23,180,2.0
23,181,4.0
23,182,1.0
23,183,4.0
23,184,3.0
24,180,3.0
24,186,3.0
24,187,3.0
24,174,4.0
24,191,5.0
24,177,3.0
24,192,4.0
25,3,4.0
25,61,5.0
25,75,4.0
25,5,4.0
25,48,4.0
25,179,4.0
25,85,3.0
25,13,4.0
25,171,2.0
25,195,2.0
25,67,4.0
26,29,3.0
26,4,4.0
26,47,5.0
26,199,5.0
26,200,5.0
26,201,5.0
26,203,5.0
27,68,4.0
27,131,5.0
27,33,3.0
27,116,4.0
27,206,3.0
27,208,3.0
27,209,4.0
27,210,4.0
28,3,3.0
28,9,3.0
28,62,5.0
28,87,3.0
28,64,4.0
28,16,4.0
28,211,2.0
28,212,5.0
29,24,5.0
29,68,5.0
29,124,5.0
29,72,3.0
29,125,5.0
29,26,5.0
29,58,4.0
29,28,4.0
29,84,4.0
29,126,5.0
29,214,3.0
29,147,4.0
29,132,2.0
29,98,5.0
29,82,4.0
29,215,4.0
29,217,5.0
30,85,2.0
30,132,3.0
30,195,4.0
30,111,4.0
30,221,4.0
31,223,4.0
31,224,3.0
31,225,4.0
31,185,3.0
31,227,3.0
31,228,3.0
32,22,4.0
32,23,3.0
32,24,3.0
32,126,3.0
32,127,4.0
32,86,4.0
32,63,4.0
32,88,3.0
32,199,4.0
32,16,3.0
32,118,3.0
32,229,2.0
32,230,3.0
32,231,4.0
33,184,2.0
33,235,5.0
33,191,3.0
33,237,4.0
33,192,3.0
34,14,4.0
34,106,4.0
34,37,4.0
34,38,4.0
34,181,5.0
34,40,3.0
34,220,4.0
34,238,3.0
34,78,3.0
34,242,2.0
34,243,4.0
35,29,3.0
35,5,3.0
35,63,1.0
35,199,5.0
35,245,3.0
35,246,3.0
36,22,5.0
36,24,5.0
36,70,5.0
36,57,5.0
36,125,3.0
36,59,4.0
36,60,4.0
36,28,5.0
36,61,5.0
36,84,4.0
36,74,2.0
36,131,5.0
36,127,3.0
36,87,5.0
36,88,4.0
36,159,3.0
36,205,4.0
36,220,3.0
37,28,2.0
37,3,5.0
37,76,4.0
37,62,5.0
37,127,4.0
37,63,5.0
37,88,5.0
37,205,4.0
37,249,3.0
37,250,4.0
37,251,5.0
37,44,4.0
38,123,4.0
38,24,1.0
38,68,1.0
38,69,4.0
38,71,4.0
38,57,4.0
38,73,3.0
38,49,4.0
38,63,4.0
38,13,3.0
38,14,4.0
38,33,5.0
38,147,3.0
38,97,3.0
38,119,3.0
38,252,4.0
38,94,4.0
38,253,4.0
39,206,5.0
39,254,4.0
39,255,5.0
39,256,3.0
39,151,4.0
40,25,5.0
40,26,1.0
40,58,4.0
40,2,2.0
40,61,5.0
40,84,3.0
40,7,3.0
40,126,5.0
40,86,4.0
40,88,5.0
40,132,5.0
41,27,4.0
41,73,4.0
41,29,4.0
41,30,3.0
41,127,3.0
41,164,4.0
41,260,3.0
42,49,4.0
42,85,5.0
42,261,1.0
42,63,5.0
42,262,4.0
42,37,4.0
42,205,4.0
42,38,5.0
42,40,5.0
42,99,3.0
42,202,4.0
42,231,3.0
43,8,4.0
43,14,4.0
43,199,4.0
43,264,5.0
43,109,3.0
44,97,4.0
44,182,3.0
44,226,4.0
44,270,4.0
44,185,4.0
45,10,4.0
45,272,3.0
45,176,4.0
45,274,5.0
45,218,3.0
46,158,5.0
46,278,4.0
46,195,5.0
46,279,5.0
46,281,4.0
47,22,4.0
47,23,4.0
47,283,4.0
47,124,5.0
47,2,1.0
47,3,4.0
47,229,5.0
47,284,4.0
47,285,3.0
48,30,3.0
48,146,3.0
48,116,5.0
48,215,3.0
48,200,5.0
48,100,3.0
48,253,4.0
49,58,4.0
49,60,4.0
49,48,5.0
49,131,4.0
49,85,4.0
49,86,4.0
49,87,5.0
49,287,3.0
49,17,4.0
49,288,4.0
49,90,5.0
49,19,5.0
49,109,5.0
49,110,5.0
49,152,4.0
50,291,4.0
50,292,5.0
50,293,5.0
50,294,4.0
50,295,4.0
51,49,3.0
51,96,3.0
51,10,4.0
51,19,1.0
51,296,5.0
52,75,4.0
52,146,2.0
52,297,5.0
52,19,4.0
52,160,1.0
52,298,3.0
52,299,3.0
53,22,5.0
53,123,5.0
53,24,2.0
53,68,1.0
53,283,5.0
53,124,5.0
53,69,5.0
53,71,5.0
53,72,3.0
53,57,5.0
53,125,2.0
53,25,5.0
53,27,5.0
53,73,5.0
53,59,5.0
53,28,4.0
53,61,5.0
53,74,4.0
53,62,4.0
53,64,4.0
53,10,5.0
53,288,4.0
53,300,4.0
53,111,4.0
54,87,5.0
54,81,4.0
54,219,5.0
54,52,4.0
54,10,3.0
54,65,2.0
54,83,5.0
54,302,5.0
54,93,5.0
54,303,3.0
54,111,4.0
54,304,5.0
54,112,5.0
54,95,5.0
54,305,5.0
55,6,4.0
55,115,5.0
55,262,3.0
55,308,4.0
55,309,4.0
56,118,3.0
56,310,5.0
56,311,3.0
56,312,3.0
56,315,3.0
57,126,4.0
57,9,4.0
57,14,3.0
57,88,4.0
57,251,4.0
57,93,4.0
58,146,4.0
58,147,3.0
58,182,3.0
58,208,4.0
58,130,5.0
59,319,2.0
59,320,3.0
59,321,3.0
59,202,3.0
59,173,3.0
59,152,3.0
59,44,3.0
59,323,4.0
60,108,5.0
60,326,4.0
60,153,3.0
60,327,1.0
60,253,3.0
61,204,4.0
61,77,4.0
61,288,5.0
61,152,3.0
61,291,5.0
62,23,1.0
62,283,2.0
62,56,4.0
62,25,3.0
62,58,3.0
62,74,4.0
62,126,2.0
62,88,3.0
62,288,5.0
62,196,4.0
62,322,5.0
62,160,1.0
63,63,3.0
63,97,4.0
63,206,4.0
63,255,5.0
63,208,3.0
63,332,4.0
63,252,4.0
63,259,4.0
64,106,5.0
64,300,5.0
64,336,3.0
64,136,3.0
64,327,4.0
65,117,5.0
65,97,5.0
65,339,4.0
65,182,4.0
65,313,5.0
65,139,3.0
65,269,3.0
66,131,5.0
66,13,5.0
66,288,5.0
66,18,3.0
66,109,5.0
67,50,5.0
67,116,5.0
67,135,3.0
67,209,5.0
67,141,3.0
68,81,4.0
68,172,5.0
68,344,5.0
68,345,4.0
68,114,3.0
68,347,3.0
69,123,4.0
69,23,4.0
69,283,4.0
69,124,4.0
69,125,3.0
69,58,3.0
69,27,3.0
69,61,4.0
69,84,1.0
69,261,2.0
69,146,3.0
69,16,4.0
69,349,3.0
69,43,3.0
69,350,4.0
70,14,2.0
70,146,5.0
70,37,2.0
70,220,3.0
70,352,4.0
71,283,3.0
71,60,4.0
71,61,3.0
71,126,5.0
71,9,2.0
71,127,5.0
71,88,4.0
71,65,5.0
71,159,3.0
71,97,3.0
71,353,4.0
72,356,5.0
72,357,5.0
72,358,5.0
72,359,5.0
72,360,5.0
73,4,5.0
73,8,4.0
73,158,4.0
73,199,3.0
73,80,4.0
73,362,3.0
73,11,5.0
73,363,3.0
73,189,5.0
73,364,5.0
73,221,4.0
74,22,5.0
74,26,3.0
74,4,3.0
74,74,1.0
74,79,4.0
74,77,4.0
74,88,3.0
74,128,4.0
74,232,5.0
74,318,4.0
75,123,5.0
75,69,5.0
75,70,5.0
75,71,5.0
75,57,5.0
75,125,5.0
75,14,4.0
75,88,4.0
75,369,4.0
75,270,3.0
76,22,3.0
76,123,4.0
76,23,2.0
76,24,5.0
76,68,4.0
76,283,3.0
76,56,4.0
76,125,5.0
76,60,5.0
76,61,5.0
76,75,4.0
76,9,4.0
76,127,5.0
76,278,2.0
76,173,3.0
76,302,5.0
76,370,4.0
77,319,3.0
77,320,5.0
77,37,4.0
77,322,1.0
77,371,4.0
77,239,4.0
77,373,4.0
77,374,4.0
78,31,4.0
78,80,4.0
78,171,3.0
78,375,4.0
78,376,3.0
78,377,3.0
79,76,3.0
79,85,2.0
79,87,5.0
79,15,1.0
79,65,4.0
79,83,3.0
79,322,2.0
79,133,4.0
80,56,4.0
80,125,5.0
80,25,5.0
80,28,4.0
80,76,5.0
80,48,4.0
80,126,5.0
80,86,5.0
80,132,5.0
80,52,5.0
80,17,4.0
80,376,4.0
80,380,4.0
81,169,4.0
81,170,4.0
81,382,3.0
81,275,2.0
81,221,2.0
82,22,5.0
82,23,4.0
82,25,4.0
82,73,5.0
82,60,4.0
82,61,4.0
82,84,4.0
82,76,4.0
82,9,4.0
82,278,5.0
82,37,3.0
82,38,3.0
82,40,3.0
82,220,2.0
83,1,5.0
83,31,3.0
83,85,3.0
83,119,3.0
83,184,3.0
83,384,3.0
83,385,3.0
84,116,4.0
84,98,5.0
84,327,4.0
84,256,4.0
84,258,4.0
84,333,4.0
85,179,4.0
85,204,5.0
85,85,4.0
85,50,4.0
85,116,4.0
85,97,1.0
85,215,4.0
85,289,4.0
85,388,4.0
85,256,4.0
85,257,4.0
85,390,4.0
85,258,4.0
85,391,4.0
85,333,3.0
86,123,1.0
86,23,5.0
86,283,1.0
86,56,4.0
86,125,3.0
86,59,3.0
86,60,4.0
86,28,4.0
86,4,5.0
86,75,4.0
86,198,5.0
86,170,4.0
86,17,3.0
87,25,1.0
87,73,5.0
87,59,5.0
87,3,3.0
87,61,5.0
87,75,3.0
87,76,2.0
87,126,1.0
87,127,4.0
87,64,3.0
87,80,2.0
87,65,2.0
87,108,5.0
88,214,3.0
88,40,4.0
88,195,4.0
88,43,3.0
88,140,3.0
88,372,3.0
88,395,3.0
89,354,2.0
89,171,4.0
89,396,5.0
89,165,2.0
89,160,1.0
89,397,3.0
89,398,3.0
90,123,3.0
90,24,5.0
90,72,3.0
90,125,5.0
90,25,5.0
90,58,4.0
90,59,5.0
90,84,4.0
90,76,4.0
90,48,4.0
90,126,4.0
90,127,4.0
90,16,4.0
90,17,4.0
91,6,4.0
91,158,3.0
91,319,4.0
91,64,2.0
91,322,3.0
92,4,4.0
92,6,4.0
92,8,4.0
92,31,4.0
92,52,5.0
92,11,4.0
92,400,4.0
93,336,4.0
93,401,5.0
93,279,4.0
93,402,5.0
93,403,4.0
94,6,4.0
94,31,3.0
94,404,4.0
94,363,3.0
94,191,3.0
94,315,2.0
94,407,4.0
95,29,3.0
95,3,4.0
95,115,4.0
95,38,5.0
95,408,3.0
95,409,5.0
95,371,3.0
95,184,4.0
96,22,5.0
96,123,5.0
96,23,5.0
96,24,3.0
96,283,3.0
96,125,3.0
96,58,4.0
96,27,4.0
96,59,5.0
96,28,5.0
96,3,5.0
96,61,2.0
96,74,3.0
96,30,3.0
96,146,4.0
96,410,4.0
96,338,4.0
97,23,3.0
97,70,3.0
97,72,2.0
97,60,5.0
97,3,3.0
97,61,5.0
97,7,4.0
97,127,4.0
98,80,4.0
98,132,1.0
98,117,4.0
98,97,4.0
98,206,5.0
98,411,4.0
98,252,3.0
99,164,5.0
99,230,5.0
99,165,5.0
99,240,5.0
99,314,5.0
100,3,4.0
100,131,3.0
100,14,4.0
100,33,3.0
100,330,4.0
100,109,2.0
100,94,4.0
100,415,2.0
100,54,4.0
100,417,3.0
100,324,3.0
101,79,5.0
101,362,4.0
101,287,4.0
101,312,5.0
101,40,5.0
101,409,5.0
101,371,4.0
101,418,5.0
101,166,5.0
102,51,4.0
102,147,4.0
102,164,4.0
102,171,5.0
102,222,5.0
103,382,3.0
103,240,3.0
103,111,3.0
103,275,3.0
103,365,5.0
103,276,5.0
103,248,3.0
103,419,3.0
103,421,5.0
104,32,3.0
104,115,4.0
104,169,3.0
104,37,4.0
104,300,4.0
104,40,5.0
104,335,5.0
104,422,3.0
104,423,3.0
105,158,4.0
105,80,4.0
105,52,4.0
105,422,3.0
105,217,4.0
106,24,5.0
106,68,5.0
106,283,4.0
106,56,5.0
106,124,3.0
106,69,5.0
106,72,4.0
106,25,4.0
106,58,4.0
106,73,5.0
106,59,5.0
106,61,3.0
106,84,5.0
106,74,3.0
106,76,5.0
106,129,4.0
106,425,5.0
106,416,3.0
107,5,5.0
107,6,4.0
107,8,3.0
107,219,3.0
107,382,4.0
107,19,4.0
108,119,4.0
108,426,3.0
108,427,5.0
108,390,5.0
108,210,4.0
109,10,4.0
109,404,4.0
109,200,5.0
109,422,4.0
109,431,3.0
110,22,3.0
110,26,4.0
110,2,2.0
110,60,5.0
110,29,1.0
110,4,3.0
110,61,5.0
110,6,4.0
110,131,4.0
110,62,4.0
110,15,4.0
110,132,4.0
111,62,3.0
111,64,4.0
111,16,5.0
111,302,4.0
111,433,3.0
112,8,4.0
112,158,4.0
112,11,4.0
112,189,4.0
112,407,3.0
113,179,4.0
113,168,2.0
113,214,3.0
113,37,4.0
113,38,5.0
113,40,5.0
113,138,4.0
113,167,4.0
113,372,4.0
113,435,4.0
114,287,3.0
114,220,3.0
114,226,3.0
114,228,2.0
114,286,4.0
115,261,3.0
115,319,3.0
115,437,4.0
115,371,4.0
115,178,3.0
115,435,4.0
116,50,5.0
116,97,2.0
116,100,3.0
116,233,5.0
116,256,4.0
116,268,3.0
116,258,4.0
117,85,3.0
117,50,5.0
117,96,1.0
117,33,5.0
117,119,3.0
117,110,2.0
117,153,5.0
118,65,3.0
118,97,1.0
118,215,5.0
118,301,5.0
118,327,4.0
119,17,5.0
119,167,5.0
119,372,5.0
119,373,5.0
119,156,5.0
120,127,5.0
120,205,4.0
120,17,5.0
120,11,5.0
120,302,5.0
120,381,5.0
121,80,4.0
121,10,2.0
121,335,4.0
121,11,3.0
121,129,3.0
121,302,5.0
121,274,4.0
121,67,2.0
122,2,3.0
122,76,5.0
122,7,5.0
122,48,5.0
122,126,5.0
122,158,5.0
122,87,5.0
122,334,5.0
122,317,5.0
122,232,5.0
122,103,5.0
123,131,5.0
123,50,2.0
123,14,3.0
123,147,3.0
123,303,3.0
123,134,3.0
124,8,5.0
124,32,3.0
124,288,4.0
124,215,3.0
124,444,3.0
125,30,3.0
125,204,3.0
125,198,2.0
125,88,2.0
125,96,3.0
125,214,4.0
125,37,3.0
125,205,4.0
125,300,4.0
125,369,3.0
125,327,5.0
125,373,4.0
125,445,5.0
126,118,3.0
126,129,3.0
126,250,4.0
126,140,3.0
126,142,3.0
126,145,3.0
127,123,2.0
127,24,4.0
127,124,4.0
127,69,4.0
127,70,4.0
127,71,4.0
127,57,4.0
127,25,3.0
127,27,4.0
127,73,5.0
127,61,4.0
127,126,3.0
127,86,3.0
127,88,3.0
127,317,3.0
127,397,3.0
128,25,5.0
128,131,5.0
128,9,4.0
128,49,5.0
128,77,5.0
128,87,5.0
128,96,5.0
128,132,5.0
128,330,5.0
128,218,4.0
129,375,3.0
129,307,4.0
129,53,5.0
129,241,5.0
129,450,3.0
130,452,5.0
130,453,5.0
130,284,5.0
130,454,5.0
130,455,3.0
131,456,5.0
131,165,5.0
131,166,5.0
131,167,5.0
131,45,5.0
131,373,5.0
132,131,3.0
132,33,4.0
132,288,3.0
132,230,5.0
132,101,4.0
132,331,4.0
132,457,4.0
132,458,5.0
133,4,4.0
133,31,3.0
133,62,4.0
133,80,3.0
133,214,2.0
133,186,4.0
133,376,3.0
134,6,3.0
134,79,3.0
134,404,4.0
134,334,5.0
134,128,5.0
134,306,3.0
134,190,4.0
134,318,5.0
134,192,3.0
135,126,5.0
135,50,4.0
135,349,5.0
135,297,4.0
135,19,5.0
136,24,3.0
136,125,4.0
136,25,3.0
136,58,5.0
136,84,5.0
136,74,2.0
136,159,5.0
136,205,2.0
136,288,5.0
136,129,5.0
137,1,4.0
137,26,3.0
137,59,4.0
137,8,3.0
137,62,5.0
137,88,4.0
137,64,5.0
138,61,3.0
138,74,4.0
138,76,5.0
138,131,4.0
138,13,3.0
139,56,5.0
139,25,5.0
139,27,5.0
139,73,5.0
139,126,5.0
139,196,5.0
139,91,5.0
140,25,4.0
140,28,4.0
140,179,3.0
140,64,4.0
140,40,1.0
140,18,4.0
140,302,3.0
140,397,5.0
140,381,3.0
140,459,4.0
141,75,4.0
141,146,3.0
141,205,3.0
141,66,5.0
141,460,4.0
142,461,2.0
142,325,5.0
142,326,3.0
142,155,2.0
142,341,3.0
142,462,4.0
143,60,4.0
143,84,2.0
143,126,3.0
143,88,5.0
143,52,3.0
143,320,4.0
143,334,2.0
143,128,2.0
143,230,3.0
143,134,3.0
143,458,4.0
144,463,3.0
144,464,5.0
144,184,1.0
144,465,4.0
144,467,3.0
144,468,4.0
145,335,5.0
145,306,3.0
145,469,4.0
145,327,5.0
145,141,3.0
145,143,3.0
146,198,3.0
146,319,3.0
146,199,4.0
146,171,4.0
146,245,4.0
146,434,3.0
147,26,2.0
147,2,2.0
147,27,4.0
147,7,5.0
147,47,4.0
147,131,3.0
147,127,4.0
147,50,5.0
147,108,4.0
147,110,4.0
148,70,3.0
148,59,3.0
148,61,4.0
148,74,4.0
148,76,5.0
148,62,4.0
148,88,4.0
148,65,2.0
148,159,4.0
148,17,4.0
148,471,3.0
149,75,5.0
149,62,4.0
149,319,3.0
149,239,3.0
149,160,2.0
149,398,2.0
149,433,3.0
150,52,3.0
150,195,3.0
150,367,4.0
150,473,4.0
150,475,3.0
151,204,5.0
151,116,3.0
151,89,2.0
151,476,1.0
151,479,3.0
151,389,4.0
151,384,3.0
151,480,4.0
152,7,4.0
152,37,3.0
152,17,4.0
152,40,3.0
152,396,3.0
152,160,3.0
153,231,5.0
153,43,5.0
153,226,4.0
153,270,4.0
153,185,4.0
154,26,4.0
154,28,4.0
154,5,4.0
154,8,4.0
154,87,5.0
154,81,5.0
154,219,5.0
154,52,5.0
155,30,3.0
155,204,4.0
155,62,3.0
155,63,4.0
155,96,4.0
155,278,5.0
155,159,3.0
155,90,3.0
155,317,4.0
155,306,3.0
155,120,3.0
155,481,5.0
156,69,4.0
156,70,3.0
156,71,4.0
156,57,3.0
156,125,1.5
156,60,5.0
156,74,1.0
156,131,4.0
156,126,4.0
156,88,3.0
156,317,3.0
156,482,3.0
156,445,4.0
157,118,2.0
157,41,3.0
157,289,1.0
157,406,4.0
157,350,3.0
157,193,3.0
158,278,5.0
158,288,4.0
158,375,4.0
158,427,5.0
158,485,3.0
158,342,3.0
158,284,3.0
158,237,4.0
159,195,3.0
159,41,3.0
159,339,4.0
159,380,3.0
159,154,3.0
159,486,5.0
159,298,4.0
160,76,3.0
160,48,3.0
160,126,2.0
160,49,4.0
160,50,3.0
160,14,3.0
160,88,1.0
160,16,2.0
160,205,3.0
160,330,1.0
160,317,3.0
160,303,1.0
161,37,5.0
161,40,5.0
161,128,5.0
161,318,5.0
161,156,5.0
162,1,3.0
162,26,3.0
162,28,4.0
162,47,4.0
162,199,4.0
162,169,4.0
162,146,3.0
162,170,3.0
162,171,4.0
162,82,3.0
162,195,4.0
162,174,3.0
163,287,4.0
163,339,4.0
163,165,4.0
163,357,4.0
163,270,5.0
163,324,4.0
164,71,3.0
164,59,5.0
164,61,5.0
164,84,5.0
164,48,1.0
164,127,5.0
164,88,5.0
164,278,5.0
164,171,4.0
164,449,5.0
164,409,3.0
164,43,5.0
164,445,4.0
164,490,1.0
165,22,1.0
165,23,1.0
165,24,3.0
165,1,2.0
165,283,2.0
165,56,5.0
165,124,3.0
165,125,4.0
165,25,2.0
165,59,5.0
165,4,2.0
165,74,2.0
165,75,3.0
165,7,3.0
165,8,4.0
165,9,3.0
165,158,5.0
165,62,5.0
165,13,3.0
165,80,3.0
165,51,3.0
165,365,3.0
166,38,3.0
166,171,3.0
166,40,3.0
166,160,1.0
166,389,4.0
166,390,4.0
166,398,3.0
167,9,4.0
167,132,4.0
167,278,5.0
167,330,4.0
167,491,4.0
168,85,3.0
168,198,4.0
168,147,3.0
168,349,4.0
168,100,5.0
168,290,4.0
168,494,4.0
168,495,4.0
169,320,4.0
169,40,2.0
169,376,5.0
169,409,2.0
169,394,3.0
169,490,2.0
170,13,4.0
170,96,4.0
170,65,3.0
170,496,5.0
170,110,4.0
170,381,5.0
171,131,3.0
171,198,4.0
171,37,5.0
171,159,4.0
171,336,5.0
171,208,4.0
172,362,4.0
172,497,4.0
172,498,4.0
172,194,4.0
172,500,4.0
172,503,4.0
173,339,4.0
173,182,5.0
173,137,5.0
173,166,3.0
173,241,4.0
173,357,3.0
173,242,4.0
173,226,3.0
174,312,3.0
174,382,2.0
174,422,5.0
174,275,5.0
174,222,4.0
174,505,5.0
175,83,3.0
175,216,4.0
175,246,3.0
175,46,5.0
175,227,5.0
176,60,5.0
176,126,5.0
176,86,3.0
176,410,2.0
176,288,3.0
176,82,3.0
176,387,5.0
177,446,5.0
177,507,3.0
177,322,3.0
177,250,3.0
177,251,3.0
177,510,3.0
177,134,5.0
178,1,5.0
178,26,4.0
178,61,3.0
178,8,4.0
178,198,3.0
178,80,2.0
178,511,3.0
178,45,3.0
178,441,3.0
178,433,2.0
179,123,4.0
179,124,3.0
179,70,4.0
179,71,4.0
179,72,4.0
179,57,4.0
179,125,3.0
179,84,4.0
179,74,4.0
179,88,4.0
179,278,5.0
180,115,3.0
180,40,3.0
180,107,5.0
180,371,3.0
180,154,5.0
180,453,5.0
180,284,5.0
180,374,3.0
180,454,5.0
180,512,5.0
181,223,4.0
181,137,3.0
181,46,4.0
181,140,4.0
181,224,4.0
181,144,4.0
182,261,1.0
182,115,2.0
182,463,5.0
182,437,2.0
182,187,3.0
182,514,3.0
182,284,2.0
182,517,4.0
182,518,3.0
183,23,3.0
183,69,4.0
183,70,4.0
183,71,4.0
183,57,4.0
183,25,5.0
183,60,5.0
183,61,4.0
183,76,5.0
183,131,5.0
183,126,5.0
183,9,5.0
183,87,5.0
183,88,4.0
183,16,4.0
183,330,4.0
183,389,5.0
184,7,5.0
184,80,3.0
184,81,4.0
184,219,4.0
184,65,2.0
184,496,4.0
184,83,4.0
184,519,4.0
184,302,5.0
184,347,4.0
185,28,5.0
185,75,5.0
185,48,5.0
185,63,3.0
185,319,2.0
185,51,5.0
185,170,3.0
185,171,4.0
185,249,3.0
185,172,4.0
185,160,3.0
185,398,3.0
186,5,3.0
186,127,3.0
186,87,4.0
186,88,3.0
186,330,5.0
186,350,3.0
187,30,5.0
187,86,5.0
187,146,5.0
187,456,5.0
187,331,5.0
187,328,5.0
187,440,5.0
188,49,5.0
188,147,3.0
188,116,5.0
188,153,4.0
188,209,3.0
188,415,4.0
189,47,3.0
189,85,3.0
189,198,2.0
189,14,4.0
189,199,2.0
189,105,5.0
189,410,2.0
190,123,5.0
190,56,5.0
190,69,4.0
190,70,4.0
190,72,2.0
190,57,4.0
190,125,5.0
190,25,3.0
190,27,3.0
190,73,5.0
190,59,4.0
190,28,4.0
190,61,4.0
190,48,3.0
190,9,4.0
190,62,4.0
190,88,4.0
190,146,4.0
190,89,5.0
191,50,3.0
191,14,3.0
191,148,3.0
191,300,3.0
191,335,5.0
191,337,3.0
191,143,3.0
192,123,3.0
192,56,4.0
192,70,3.0
192,71,3.0
192,72,2.0
192,57,3.0
192,125,3.0
192,27,4.0
192,73,3.0
192,59,3.0
192,61,3.0
192,84,3.0
192,74,2.0
192,9,3.0
192,198,3.0
192,33,3.0
192,118,3.0
192,19,3.0
192,350,3.0
193,22,5.0
193,60,4.0
193,126,3.0
193,127,4.0
193,87,4.0
193,88,4.0
193,33,3.0
193,181,4.0
193,92,4.0
194,89,4.0
194,200,2.0
194,232,3.0
194,292,4.0
194,520,4.0
195,22,4.0
195,24,4.0
195,68,5.0
195,25,5.0
195,58,4.0
195,74,4.0
195,126,5.0
195,220,3.0
195,317,4.0
195,206,5.0
195,521,5.0
195,184,3.0
195,331,4.0
196,283,4.0
196,70,5.0
196,71,5.0
196,57,5.0
196,60,4.0
196,61,5.0
196,74,3.0
196,85,4.0
196,115,5.0
196,88,5.0
196,437,5.0
196,181,5.0
196,408,5.0
196,250,5.0
196,517,5.0
197,123,5.0
197,124,3.0
197,57,5.0
197,26,4.0
197,75,4.0
197,79,5.0
197,126,5.0
197,32,5.0
197,198,4.0
197,87,4.0
197,278,5.0
197,170,3.0
197,496,5.0
197,82,4.0
197,220,2.0
197,232,5.0
197,203,5.0
198,86,3.0
198,50,5.0
198,14,4.0
198,220,2.0
198,230,3.0
199,4,5.0
199,31,4.0
199,158,5.0
199,80,5.0
199,169,3.0
199,52,3.0
199,107,4.0
200,22,4.0
200,60,3.0
200,131,3.0
200,52,4.0
200,17,3.0
200,91,5.0
200,110,3.0
200,134,5.0
201,24,4.0
201,72,3.0
201,125,4.0
201,59,5.0
201,16,5.0
201,205,5.0
201,99,3.0
202,170,3.0
202,37,4.0
202,40,4.0
202,371,3.0
202,363,3.0
202,225,4.0
202,227,5.0
203,37,4.0
203,128,5.0
203,129,5.0
203,41,4.0
203,91,5.0
203,251,4.0
203,524,2.0
203,445,5.0
204,496,4.0
204,302,4.0
204,445,4.0
204,134,3.0
204,440,4.0
205,123,2.0
205,23,1.0
205,283,2.0
205,69,2.0
205,70,2.0
205,59,5.0
205,5,5.0
205,48,4.0
205,85,2.0
205,52,5.0
205,172,4.0
205,212,2.0
206,22,5.0
206,123,5.0
206,23,1.0
206,56,5.0
206,124,5.0
206,26,5.0
206,27,4.0
206,3,4.0
206,84,4.0
206,76,3.0
206,126,4.0
206,86,5.0
206,199,3.0
207,88,3.0
207,147,3.0
207,97,5.0
207,446,2.0
207,128,3.0
207,92,3.0
207,256,3.0
207,525,3.0
207,333,3.0
208,219,4.0
208,214,3.0
208,37,4.0
208,38,4.0
208,367,4.0
208,302,5.0
208,331,4.0
208,372,4.0
208,526,4.0
208,527,5.0
209,1,5.0
209,59,4.0
209,3,4.0
209,4,4.0
209,84,4.0
209,74,3.0
209,5,1.0
209,6,4.0
209,48,2.0
209,86,1.0
209,64,5.0
209,51,3.0
209,205,4.0
209,172,4.0
209,245,3.0
209,432,4.0
209,434,4.0
210,123,3.0
210,70,5.0
210,71,5.0
210,57,4.0
210,25,4.0
210,60,5.0
210,87,5.0
210,88,5.0
210,146,2.0
210,132,3.0
211,127,5.0
211,278,5.0
211,128,5.0
211,230,5.0
211,250,5.0
212,28,4.0
212,5,3.0
212,126,3.0
212,87,4.0
212,199,4.0
212,265,4.0
212,423,3.0
212,388,4.0
212,298,3.0
213,399,5.0
213,528,5.0
213,531,5.0
213,516,4.0
213,534,5.0
213,536,5.0
214,22,5.0
214,123,5.0
214,23,1.0
214,24,3.0
214,56,4.0
214,124,4.0
214,69,4.0
214,70,4.0
214,72,1.0
214,57,4.0
214,27,2.0
214,59,5.0
214,75,5.0
214,76,4.0
214,48,4.0
214,64,4.0
214,52,3.0
214,17,3.0
214,111,4.0
215,320,5.0
215,82,5.0
215,35,5.0
215,182,5.0
215,206,5.0
215,231,5.0
216,288,3.0
216,181,2.0
216,340,4.0
216,327,3.0
216,538,3.0
217,261,4.0
217,229,3.0
217,53,4.0
217,137,3.0
217,120,3.0
217,293,3.0
218,85,5.0
218,199,3.0
218,214,4.0
218,147,4.0
218,148,3.0
218,97,5.0
218,220,4.0
218,167,3.0
218,372,4.0
218,258,3.0
218,373,4.0
218,394,3.0
219,72,2.0
219,61,2.0
219,84,3.0
219,74,4.0
219,127,3.0
219,199,4.0
219,171,3.0
219,249,3.0
219,449,3.0
219,363,4.0
219,526,4.0
219,541,2.0
219,346,3.0
220,117,5.0
220,97,4.0
220,327,4.0
220,233,3.0
220,542,4.0
221,4,5.0
221,158,4.0
221,80,3.0
221,52,4.0
221,232,4.0
221,543,4.0
222,60,3.0
222,84,3.0
222,62,4.0
222,64,3.0
222,16,4.0
223,123,4.0
223,23,2.0
223,68,3.0
223,283,5.0
223,124,3.0
223,69,4.0
223,70,4.0
223,71,4.0
223,57,4.0
223,60,5.0
223,7,4.0
223,48,3.0
223,17,5.0
223,268,3.0
223,384,4.0
224,14,4.0
224,117,4.0
224,97,3.0
224,100,4.0
224,325,3.0
224,267,1.0
224,258,4.0
224,544,4.0
224,293,4.0
224,462,4.0
225,220,2.0
225,461,3.0
225,339,2.0
225,238,2.0
225,231,2.0
225,269,3.0
226,355,4.0
226,339,4.0
226,166,4.0
226,140,5.0
226,359,5.0
226,144,4.0
227,123,5.0
227,23,3.0
227,57,4.0
227,60,2.0
227,74,2.0
227,48,5.0
227,131,3.0
227,86,4.0
227,88,3.0
227,98,2.0
227,220,2.0
227,128,2.0
227,444,4.0
227,78,2.0
228,59,5.0
228,62,4.0
228,16,4.0
228,164,3.0
228,330,4.0
228,91,4.0
228,357,4.0
228,134,3.0
228,328,3.0
228,379,4.0
229,49,5.0
229,86,5.0
229,64,2.0
229,219,3.0
229,109,5.0
229,381,4.0
230,28,5.0
230,48,4.0
230,87,4.0
230,546,4.0
230,64,4.0
230,16,5.0
230,17,3.0
230,152,4.0
230,481,2.0
231,23,4.0
231,56,3.0
231,69,5.0
231,70,5.0
231,72,2.0
231,26,4.0
231,3,5.0
231,5,4.0
231,7,5.0
231,62,5.0
231,173,5.0
231,365,5.0
231,547,1.0
231,548,5.0
231,549,5.0
232,195,4.0
232,245,4.0
232,167,4.0
232,372,4.0
232,394,5.0
233,115,2.0
233,461,4.0
233,138,2.0
233,268,4.0
233,269,4.0
233,341,4.0
233,440,5.0
234,123,4.0
234,24,5.0
234,68,5.0
234,124,5.0
234,71,4.0
234,125,5.0
234,25,5.0
234,84,4.0
234,204,4.0
234,85,3.0
234,50,3.0
234,132,2.0
234,181,4.0
234,93,4.0
235,123,3.0
235,283,5.0
235,56,4.0
235,124,5.0
235,72,3.0
235,26,5.0
235,58,4.0
235,73,5.0
235,59,4.0
235,60,4.0
235,74,4.0
235,5,4.0
235,48,5.0
235,9,3.0
235,13,4.0
235,330,3.0
236,158,4.0
236,81,4.0
236,312,4.0
236,551,4.0
236,188,4.0
237,199,5.0
237,214,3.0
237,300,4.0
237,78,3.0
237,143,3.0
238,5,5.0
238,115,4.0
238,170,4.0
238,553,3.0
238,178,3.0
239,30,4.0
239,49,3.0
239,88,3.0
239,148,2.0
239,220,3.0
239,112,4.0
239,436,2.0
240,479,3.0
240,325,5.0
240,554,5.0
240,256,2.0
240,555,3.0
241,22,4.0
241,69,4.0
241,70,4.0
241,71,4.0
241,57,4.0
241,27,4.0
241,59,3.0
241,74,2.0
241,5,3.0
241,76,3.0
241,13,2.0
241,168,3.0
241,101,3.0
242,123,5.0
242,24,3.0
242,68,2.0
242,283,5.0
242,69,5.0
242,125,3.0
242,25,5.0
242,58,4.0
242,60,3.0
242,84,3.0
242,126,4.0
242,77,3.0
242,13,3.0
242,96,3.0
242,18,4.0
242,336,4.0
242,522,4.0
243,117,3.0
243,97,3.0
243,300,4.0
243,519,4.0
243,256,2.0
243,525,2.0
243,298,5.0
244,22,4.0
244,123,5.0
244,23,4.0
244,24,5.0
244,1,5.0
244,283,5.0
244,56,2.0
244,124,4.0
244,69,5.0
244,71,5.0
244,72,2.0
244,57,5.0
244,125,3.0
244,25,3.0
244,26,4.0
244,58,5.0
244,2,3.0
244,27,4.0
244,73,3.0
244,28,5.0
244,3,5.0
244,61,5.0
244,5,3.0
244,76,5.0
244,48,4.0
244,52,2.0
244,155,5.0
245,123,5.0
245,68,5.0
245,56,5.0
245,72,5.0
245,125,5.0
245,25,5.0
245,58,5.0
245,73,5.0
245,59,5.0
245,28,5.0
245,74,4.0
245,62,5.0
245,64,5.0
245,214,4.0
245,16,5.0
245,106,5.0
245,205,5.0
245,172,4.0
245,556,5.0
245,432,5.0
246,71,3.0
246,58,2.0
246,59,4.0
246,60,3.0
246,7,3.0
246,48,3.0
246,131,3.0
246,88,3.0
247,116,4.0
247,89,4.0
247,231,5.0
247,45,3.0
247,558,5.0
247,253,5.0
248,261,5.0
248,559,5.0
248,560,5.0
248,308,5.0
248,561,2.0
248,563,5.0
248,564,1.0
249,24,4.0
249,68,3.0
249,283,5.0
249,56,4.0
249,124,5.0
249,125,4.0
249,58,3.0
249,27,4.0
249,59,4.0
249,60,3.0
249,61,4.0
249,84,4.0
249,74,3.0
249,75,4.0
249,76,3.0
249,62,4.0
249,86,4.0
249,51,2.0
249,16,4.0
249,52,4.0
249,10,2.0
249,387,4.0
250,148,5.0
250,89,4.0
250,444,4.0
250,99,4.0
250,209,4.0
250,520,4.0
251,74,1.0
251,126,2.0
251,446,5.0
251,250,4.0
251,254,2.0
251,566,4.0
252,56,3.0
252,70,3.0
252,74,4.0
252,9,5.0
252,127,4.0
252,13,4.0
252,300,4.0
252,215,3.0
252,83,4.0
252,336,5.0
253,23,2.0
253,124,4.0
253,69,5.0
253,70,5.0
253,57,5.0
253,27,5.0
253,60,5.0
253,28,4.0
253,61,5.0
253,84,4.0
253,49,4.0
253,204,4.0
253,50,4.0
253,198,4.0
253,33,5.0
253,229,2.0
253,335,1.0
253,567,4.0
253,568,5.0
254,24,5.0
254,1,4.0
254,69,5.0
254,70,4.0
254,71,5.0
254,26,4.0
254,179,4.0
254,65,5.0
254,437,2.0
254,201,4.0
254,451,2.0
254,516,3.0
255,147,3.0
255,287,3.0
255,170,4.0
255,37,3.0
255,334,5.0
255,40,4.0
255,92,3.0
255,182,3.0
255,43,3.0
255,78,3.0
255,331,5.0
255,242,5.0
256,96,3.0
256,496,5.0
256,334,5.0
256,128,1.0
256,326,4.0
256,331,5.0
256,134,5.0
257,4,5.0
257,6,5.0
257,8,2.0
257,463,4.0
257,344,3.0
258,198,5.0
258,80,4.0
258,81,4.0
258,159,4.0
258,444,5.0
258,432,4.0
259,205,5.0
259,264,5.0
259,405,4.0
259,448,5.0
259,468,3.0
260,30,4.0
260,126,3.0
260,37,3.0
260,38,3.0
260,166,4.0
260,45,5.0
260,445,5.0
260,134,5.0
260,557,5.0
260,420,3.0
260,142,5.0
260,144,5.0
260,407,5.0
260,145,5.0
261,68,4.0
261,56,5.0
261,124,4.0
261,69,4.0
261,70,4.0
261,72,5.0
261,25,3.0
261,58,4.0
261,73,4.0
261,59,4.0
261,60,4.0
261,61,4.0
261,76,3.0
261,30,4.0
261,88,4.0
261,18,2.0
261,336,2.0
262,123,5.0
262,23,4.0
262,68,4.0
262,283,5.0
262,56,5.0
262,69,4.0
262,71,5.0
262,72,3.0
262,57,4.0
262,125,5.0
262,58,5.0
262,73,1.0
262,59,5.0
262,60,5.0
262,28,5.0
262,76,3.0
262,198,4.0
262,88,3.0
262,300,3.0
262,369,4.0
263,41,2.0
263,166,4.0
263,185,1.0
263,570,3.0
263,286,3.0
264,26,3.0
264,8,5.0
264,179,4.0
264,49,4.0
264,159,3.0
264,211,3.0
264,82,3.0
264,183,5.0
265,29,3.0
265,6,3.0
265,375,4.0
265,238,3.0
265,572,4.0
265,341,4.0
265,286,5.0
266,125,4.0
266,25,3.0
266,126,3.0
266,96,3.0
266,16,4.0
266,182,4.0
266,397,4.0
266,270,3.0
267,330,4.0
267,264,3.0
267,91,4.0
267,230,3.0
267,134,3.0
268,126,4.0
268,77,4.0
268,87,4.0
268,37,4.0
268,40,4.0
268,272,5.0
268,575,4.0
269,28,4.0
269,48,3.0
269,30,3.0
269,131,4.0
269,88,4.0
269,278,4.0
269,205,4.0
269,330,3.0
269,266,3.0
270,201,4.0
270,41,4.0
270,545,4.0
270,167,4.0
270,359,4.0
270,360,5.0
270,394,4.0
271,3,4.0
271,4,5.0
271,75,5.0
271,5,4.0
271,7,5.0
271,47,3.0
271,62,2.0
271,81,4.0
271,10,3.0
271,17,2.0
272,23,5.0
272,73,3.0
272,74,4.0
272,75,3.0
272,76,5.0
272,7,5.0
272,86,4.0
272,199,5.0
272,214,4.0
272,16,4.0
272,38,3.0
272,164,4.0
272,40,3.0
272,182,3.0
272,19,3.0
272,485,4.0
272,577,4.0
273,22,5.0
273,123,5.0
273,23,5.0
273,1,5.0
273,283,5.0
273,56,3.0
273,124,5.0
273,69,5.0
273,72,5.0
273,25,5.0
273,58,2.0
273,5,4.0
273,79,5.0
273,179,5.0
273,261,4.0
273,463,5.0
273,187,5.0
273,560,3.0
274,261,5.0
274,132,3.0
274,437,5.0
274,408,3.0
274,230,3.0
274,369,4.0
274,152,1.0
274,562,5.0
275,71,3.0
275,72,4.0
275,57,3.0
275,32,4.0
275,50,4.0
275,132,4.0
275,117,3.0
275,97,2.0
275,215,2.0
275,142,2.0
275,144,2.0
276,49,4.0
276,85,5.0
276,86,5.0
276,198,3.0
276,14,5.0
276,288,4.0
276,342,4.0
276,291,5.0
277,28,5.0
277,7,5.0
277,62,4.0
277,86,5.0
277,64,5.0
277,205,5.0
277,17,4.0
277,556,3.0
277,377,4.0
277,381,4.0
277,347,5.0
278,38,5.0
278,339,5.0
278,238,5.0
278,43,5.0
278,557,3.0
279,37,4.0
279,354,4.0
279,38,4.0
279,288,3.0
279,167,3.0
279,372,3.0
279,441,5.0
279,394,3.0
280,22,5.0
280,70,5.0
280,71,5.0
280,57,5.0
280,26,1.0
280,59,4.0
280,60,5.0
280,28,5.0
280,3,4.0
280,4,5.0
280,7,5.0
280,48,4.0
280,30,3.0
280,158,5.0
280,62,5.0
280,80,3.0
280,52,4.0
280,65,4.0
280,110,3.0
280,314,4.0
280,579,2.0
281,169,5.0
281,170,2.0
281,249,2.0
281,195,3.0
281,423,4.0
281,152,3.0
281,160,2.0
281,429,3.0
281,581,2.0
282,4,5.0
282,8,3.0
282,158,4.0
282,81,4.0
282,312,4.0
282,274,4.0
282,315,4.0
282,194,3.0
282,582,5.0
282,571,4.0
283,24,4.0
283,124,4.0
283,5,4.0
283,76,4.0
283,204,3.0
283,127,4.0
283,88,4.0
283,17,3.0
283,303,4.0
283,350,3.0
283,112,3.0
283,120,4.0
284,123,1.0
284,23,1.0
284,24,2.0
284,68,2.0
284,56,5.0
284,124,3.0
284,72,2.0
284,58,1.0
284,59,3.0
284,28,2.0
284,84,3.0
284,30,3.0
284,9,4.0
284,86,3.0
284,13,3.0
284,88,4.0
284,65,2.0
284,108,1.0
285,362,3.0
285,262,5.0
285,580,5.0
285,193,5.0
285,431,4.0
286,16,3.0
286,17,3.0
286,300,3.0
286,173,3.0
286,302,3.0
286,221,3.0
287,74,2.0
287,48,4.0
287,126,5.0
287,85,2.0
287,132,3.0
288,287,4.0
288,200,4.0
288,238,4.0
288,224,4.0
288,585,4.0
289,283,4.0
289,125,4.0
289,58,4.0
289,59,4.0
289,60,4.0
289,28,5.0
289,75,5.0
289,76,4.0
289,30,4.0
289,410,4.0
289,297,3.0
289,381,5.0
290,339,3.0
290,545,3.0
290,357,3.0
290,226,3.0
290,359,2.0
290,361,4.0
291,587,4.0
291,589,4.0
291,590,5.0
291,592,4.0
291,593,4.0
292,48,4.0
292,16,3.0
292,195,2.0
292,595,1.0
292,421,4.0
293,63,4.0
293,426,3.0
293,182,4.0
293,557,4.0
293,597,4.0
294,68,4.0
294,125,5.0
294,27,1.0
294,60,5.0
294,61,3.0
294,84,2.0
294,126,4.0
294,87,5.0
294,13,3.0
294,96,3.0
294,220,4.0
294,317,5.0
294,349,5.0
295,68,4.0
295,56,4.0
295,25,4.0
295,61,2.0
295,131,5.0
295,9,3.0
295,62,5.0
295,87,3.0
295,106,4.0
295,92,5.0
295,101,3.0
296,69,3.0
296,71,3.0
296,59,4.0
296,75,4.0
296,15,4.0
296,16,4.0
296,203,4.0
296,381,3.0
297,76,4.0
297,49,3.0
297,14,4.0
297,33,5.0
297,106,4.0
297,97,3.0
297,215,5.0
297,19,4.0
297,411,5.0
297,599,3.0
298,283,5.0
298,72,3.0
298,125,4.0
298,25,3.0
298,61,4.0
298,5,4.0
298,131,3.0
298,127,4.0
298,13,4.0
298,16,5.0
298,101,4.0
299,1,4.0
299,61,5.0
299,47,5.0
299,9,4.0
299,147,5.0
299,92,5.0
299,172,2.0
299,122,3.0
300,51,2.0
300,446,3.0
300,507,5.0
300,212,4.0
300,213,4.0
300,448,5.0
301,586,5.0
301,601,5.0
301,590,5.0
301,591,5.0
301,592,5.0
302,123,3.0
302,27,3.0
302,60,4.0
302,28,5.0
302,61,4.0
302,84,4.0
302,5,5.0
302,76,3.0
302,48,2.0
302,86,5.0
302,14,3.0
302,88,2.0
302,33,4.0
302,132,3.0
302,380,4.0
303,7,3.0
303,64,5.0
303,199,4.0
303,132,4.0
303,65,4.0
303,205,4.0
303,330,3.0
303,336,5.0
303,161,4.0
304,229,4.0
304,172,2.0
304,504,3.0
304,603,3.0
304,43,4.0
304,604,3.0
304,605,3.0
305,123,5.0
305,23,5.0
305,24,2.0
305,68,2.0
305,124,5.0
305,69,5.0
305,70,5.0
305,71,5.0
305,72,2.0
305,57,5.0
305,125,5.0
305,25,5.0
305,26,5.0
305,27,5.0
305,9,2.0
305,63,5.0
305,146,5.0
305,371,5.0
305,416,5.0
306,79,3.0
306,261,4.0
306,552,5.0
306,234,5.0
306,321,4.0
306,516,4.0
307,219,4.0
307,302,5.0
307,475,3.0
307,607,4.0
307,608,3.0
308,4,4.0
308,5,1.0
308,80,4.0
308,51,4.0
308,170,3.0
308,38,3.0
308,306,2.0
308,405,4.0
308,561,3.0
308,378,3.0
309,179,4.0
309,115,4.0
309,463,5.0
309,168,5.0
309,187,5.0
310,123,4.0
310,68,5.0
310,124,5.0
310,70,4.0
310,125,5.0
310,25,4.0
310,58,4.0
310,59,4.0
310,84,4.0
310,86,5.0
310,64,5.0
310,132,3.0
310,205,3.0
310,444,2.0
310,343,4.0
311,552,2.0
311,170,2.0
311,375,4.0
311,363,2.0
311,597,4.0
312,168,5.0
312,320,5.0
312,170,4.0
312,37,4.0
312,38,5.0
312,196,3.0
312,396,5.0
312,239,5.0
312,429,4.0
313,4,4.0
313,64,5.0
313,52,3.0
313,65,3.0
313,83,3.0
313,176,4.0
313,611,3.0
313,222,3.0
314,451,5.0
314,452,5.0
314,569,3.0
314,453,5.0
314,36,4.0
315,320,4.0
315,404,4.0
315,188,5.0
315,429,3.0
315,357,3.0
316,70,4.0
316,71,4.0
316,57,4.0
316,3,3.0
316,47,5.0
316,30,4.0
316,85,5.0
316,146,3.0
316,16,5.0
316,164,3.0
317,8,4.0
317,52,5.0
317,211,4.0
317,129,4.0
317,614,2.0
317,513,4.0
317,615,4.0
318,8,4.0
318,110,4.0
318,167,3.0
318,372,3.0
318,373,3.0
318,150,4.0
319,463,3.0
319,376,5.0
319,511,4.0
319,293,3.0
319,616,4.0
320,610,3.0
320,469,4.0
320,438,3.0
320,533,4.0
320,564,2.0
321,8,4.0
321,158,3.0
321,546,2.0
321,214,2.0
321,426,3.0
321,444,3.0
321,19,3.0
321,247,3.0
322,1,4.0
322,69,3.0
322,70,3.0
322,26,2.0
322,28,3.0
322,4,2.0
322,74,4.0
322,7,5.0
322,87,3.0
322,88,4.0
322,81,4.0
322,410,4.0
322,334,4.0
322,338,4.0
322,280,3.0
323,38,4.0
323,525,4.0
323,618,4.0
323,284,5.0
323,436,2.0
324,22,5.0
324,28,4.0
324,61,5.0
324,74,2.0
324,127,3.0
324,146,3.0
324,147,3.0
324,97,4.0
324,330,3.0
324,229,4.0
324,461,4.0
324,267,4.0
324,120,2.0
324,284,4.0
325,24,2.0
325,25,4.0
325,74,3.0
325,87,4.0
325,13,2.0
325,88,4.0
325,17,2.0
325,423,3.0
326,123,4.0
326,23,1.0
326,283,3.0
326,124,5.0
326,69,4.0
326,71,4.0
326,72,4.0
326,125,5.0
326,25,4.0
326,27,3.0
326,60,2.0
326,74,5.0
326,131,4.0
326,204,5.0
326,87,4.0
326,13,4.0
326,220,5.0
326,241,3.0
326,242,3.0
327,158,4.0
327,81,4.0
327,214,3.0
327,51,4.0
327,287,4.0
327,410,2.0
327,11,5.0
327,230,3.0
327,250,4.0
328,63,3.0
328,214,1.0
328,38,4.0
328,164,3.0
328,39,5.0
328,40,4.0
328,456,4.0
328,238,4.0
328,78,4.0
328,485,4.0
328,357,3.0
328,573,5.0
328,140,3.0
328,226,4.0
328,142,3.0
328,144,3.0
329,72,5.0
329,25,1.0
329,59,4.0
329,85,2.0
329,86,5.0
329,426,5.0
329,456,4.0
329,276,5.0
330,47,3.0
330,81,3.0
330,128,5.0
330,172,3.0
330,343,4.0
330,303,4.0
330,556,2.0
330,114,3.0
331,105,5.0
331,205,5.0
331,288,1.0
331,172,3.0
331,343,3.0
331,565,3.0
332,5,4.0
332,65,5.0
332,205,1.0
332,288,5.0
332,336,5.0
332,110,4.0
332,302,5.0
332,112,4.0
333,69,3.0
333,71,4.0
333,60,5.0
333,84,4.0
333,74,4.0
333,9,4.0
333,49,3.0
333,127,4.0
333,86,5.0
333,132,3.0
333,98,4.0
333,300,3.0
333,220,4.0
333,297,4.0
334,63,4.0
334,88,5.0
334,199,5.0
334,146,4.0
334,34,5.0
334,82,5.0
334,375,3.0
334,172,3.0
334,252,5.0
334,621,5.0
335,25,4.0
335,30,2.0
335,86,4.0
335,16,5.0
335,622,2.0
335,456,5.0
335,401,5.0
336,464,4.0
336,235,4.0
336,624,5.0
336,625,4.0
336,627,3.0
337,127,2.0
337,85,3.0
337,348,4.0
337,250,3.0
337,418,4.0
337,279,5.0
337,282,5.0
338,148,5.0
338,164,4.0
338,330,4.0
338,119,4.0
338,456,5.0
338,202,2.0
338,42,5.0
338,100,4.0
338,417,3.0
339,572,5.0
339,486,5.0
339,628,5.0
339,285,5.0
339,490,3.0
340,22,4.0
340,23,1.0
340,69,5.0
340,72,5.0
340,26,5.0
340,84,5.0
340,6,5.0
340,76,1.0
340,47,5.0
340,48,5.0
340,86,1.0
340,50,5.0
340,496,5.0
341,29,5.0
341,32,3.0
341,198,5.0
341,245,4.0
341,625,5.0
342,48,5.0
342,86,3.0
342,87,5.0
342,81,4.0
342,16,5.0
342,98,3.0
342,82,4.0
342,371,5.0
342,202,3.0
342,363,5.0
342,266,5.0
343,170,4.0
343,171,4.0
343,446,4.0
343,195,3.0
343,201,3.0
343,314,3.0
343,395,4.0
344,23,1.0
344,1,5.0
344,124,3.0
344,70,4.0
344,71,4.0
344,57,5.0
344,26,4.0
344,27,3.0
344,84,2.0
344,75,4.0
344,8,5.0
344,49,3.0
344,88,5.0
344,92,2.0
344,19,4.0
344,289,5.0
344,495,2.0
345,49,3.0
345,204,4.0
345,50,3.0
345,334,4.0
345,317,4.0
345,336,3.0
345,91,4.0
345,303,4.0
345,390,4.0
345,391,5.0
346,170,3.0
346,330,3.0
346,519,1.0
346,389,3.0
346,341,5.0
347,26,3.0
347,127,5.0
347,86,4.0
347,50,5.0
347,118,3.0
348,29,2.0
348,50,3.0
348,116,2.0
348,200,3.0
348,325,3.0
348,632,4.0
348,268,3.0
348,269,2.0
348,151,4.0
349,528,4.0
349,498,4.0
349,530,3.0
349,609,4.0
349,587,4.0
349,590,4.0
349,591,4.0
350,33,5.0
350,97,3.0
350,461,3.0
350,257,3.0
350,384,3.0
351,22,5.0
351,123,2.0
351,23,4.0
351,1,5.0
351,56,4.0
351,69,3.0
351,70,4.0
351,71,3.0
351,57,3.0
351,125,4.0
351,58,1.0
351,27,4.0
351,61,4.0
351,74,3.0
351,179,5.0
351,88,4.0
351,552,5.0
351,330,4.0
351,578,5.0
351,289,5.0
352,234,2.0
352,528,3.0
352,612,5.0
352,535,4.0
352,636,3.0
352,637,5.0
353,27,4.0
353,28,3.0
353,74,3.0
353,75,3.0
353,7,4.0
353,131,4.0
353,9,3.0
353,49,4.0
353,127,4.0
353,64,4.0
353,18,4.0
354,198,4.0
354,319,2.0
354,354,3.0
354,40,5.0
354,363,4.0
355,30,3.0
355,127,4.0
355,205,3.0
355,164,3.0
355,18,3.0
355,297,3.0
355,202,3.0
355,203,4.0
355,344,5.0
356,24,5.0
356,283,5.0
356,72,4.0
356,73,4.0
356,60,5.0
356,84,4.0
356,76,5.0
356,85,5.0
356,50,4.0
356,116,4.0
356,89,5.0
356,215,5.0
356,330,4.0
356,317,5.0
356,427,5.0
356,638,5.0
357,98,4.0
357,472,2.0
357,631,5.0
357,639,4.0
357,640,2.0
357,641,4.0
357,447,4.0
358,1,5.0
358,32,3.0
358,334,4.0
358,508,3.0
358,251,3.0
358,538,3.0
358,134,3.0
359,4,5.0
359,75,5.0
359,87,4.0
359,319,3.0
359,339,4.0
359,357,3.0
359,359,3.0
360,22,5.0
360,23,4.0
360,68,5.0
360,283,4.0
360,124,3.0
360,125,5.0
360,27,5.0
360,73,4.0
360,59,5.0
360,60,5.0
360,61,3.0
360,74,3.0
360,34,4.0
360,330,3.0
360,128,3.0
360,363,4.0
360,418,5.0
360,432,4.0
361,123,4.0
361,69,4.0
361,70,4.0
361,72,5.0
361,57,4.0
361,125,4.0
361,25,5.0
361,58,5.0
361,74,3.0
361,30,3.0
361,127,3.0
361,63,3.0
361,51,3.0
361,320,3.0
361,10,3.0
361,37,3.0
361,354,4.0
361,40,4.0
361,176,3.0
361,222,4.0
361,583,3.0
362,168,2.0
362,437,5.0
362,321,5.0
362,183,5.0
362,610,5.0
362,308,3.0
363,123,1.0
363,24,2.0
363,68,1.0
363,283,1.0
363,124,5.0
363,30,4.0
363,49,4.0
363,146,3.0
363,96,5.0
363,147,3.0
363,164,4.0
363,82,4.0
363,206,5.0
364,79,4.0
364,38,2.0
364,288,4.0
364,371,2.0
364,516,3.0
364,470,3.0
364,642,4.0
365,22,5.0
365,123,5.0
365,23,4.0
365,24,5.0
365,56,5.0
365,25,4.0
365,27,5.0
365,60,4.0
365,28,4.0
365,3,5.0
365,278,4.0
365,334,5.0
365,128,5.0
365,508,3.0
365,250,4.0
365,631,3.0
365,618,4.0
365,338,4.0
366,29,4.0
366,7,5.0
366,30,4.0
366,214,4.0
366,51,1.0
366,34,5.0
366,200,4.0
366,465,4.0
367,410,5.0
367,367,4.0
367,290,5.0
367,269,4.0
367,644,4.0
367,645,4.0
368,362,5.0
368,559,3.0
368,355,5.0
368,356,5.0
368,189,5.0
368,358,5.0
368,359,4.0
369,117,5.0
369,271,4.0
369,325,3.0
369,303,3.0
369,550,3.0
369,329,3.0
370,22,5.0
370,123,5.0
370,1,4.0
370,283,5.0
370,56,4.0
370,69,5.0
370,70,5.0
370,57,5.0
370,58,4.0
370,27,3.0
370,59,5.0
370,60,3.0
370,61,3.0
370,7,4.0
370,30,3.0
370,131,2.0
370,81,3.0
370,320,3.0
370,271,5.0
370,232,5.0
370,432,3.0
371,22,5.0
371,23,3.0
371,24,5.0
371,1,1.0
371,56,4.0
371,69,5.0
371,70,5.0
371,71,5.0
371,72,4.0
371,57,5.0
371,58,5.0
371,59,5.0
371,61,4.0
371,74,4.0
371,75,4.0
371,47,5.0
371,48,5.0
371,146,5.0
371,51,4.0
371,170,5.0
371,129,5.0
371,172,5.0
372,69,4.0
372,70,4.0
372,71,5.0
372,74,4.0
372,63,3.0
372,77,4.0
372,13,5.0
372,34,5.0
372,18,5.0
372,230,4.0
372,92,5.0
372,326,3.0
373,3,5.0
373,4,4.0
373,75,5.0
373,6,3.0
373,48,4.0
373,319,3.0
373,219,3.0
373,214,5.0
373,201,5.0
373,221,3.0
374,1,5.0
374,2,3.0
374,29,3.0
374,4,5.0
374,47,4.0
374,158,5.0
374,199,4.0
374,169,4.0
374,11,4.0
374,443,4.0
375,463,4.0
375,289,4.0
375,137,4.0
375,562,5.0
375,555,5.0
375,647,4.0
376,201,4.0
376,42,3.0
376,216,4.0
376,240,3.0
376,227,4.0
377,22,5.0
377,123,5.0
377,24,2.0
377,68,1.0
377,283,5.0
377,69,5.0
377,70,5.0
377,71,5.0
377,72,5.0
377,58,5.0
377,60,5.0
377,61,4.0
377,84,3.0
377,50,4.0
377,13,4.0
377,371,5.0
378,22,4.0
378,123,4.0
378,1,5.0
378,56,4.0
378,69,4.0
378,70,4.0
378,71,4.0
378,72,3.0
378,57,4.0
378,26,4.0
378,58,4.0
378,27,4.0
378,3,4.0
378,84,4.0
378,75,4.0
378,7,5.0
378,47,4.0
378,8,4.0
378,62,4.0
378,15,4.0
378,288,4.0
378,233,4.0
379,79,1.0
379,319,3.0
379,320,3.0
379,171,3.0
379,649,3.0
379,651,3.0
380,6,5.0
380,80,5.0
380,81,3.0
380,51,4.0
380,271,4.0
380,201,3.0
380,364,5.0
381,287,3.0
381,330,4.0
381,230,5.0
381,303,5.0
381,222,5.0
381,495,3.0
382,76,5.0
382,131,4.0
382,49,4.0
382,16,3.0
382,205,4.0
382,98,4.0
382,90,4.0
382,111,4.0
382,304,5.0
382,95,4.0
382,381,3.0
383,1,4.0
383,26,4.0
383,73,5.0
383,158,5.0
383,63,5.0
383,199,4.0
383,37,3.0
383,653,4.0
383,173,3.0
383,381,5.0
383,175,5.0
384,410,3.0
384,288,4.0
384,300,4.0
384,215,3.0
384,208,4.0
384,299,4.0
385,80,3.0
385,180,3.0
385,404,5.0
385,652,3.0
385,466,4.0
386,1,4.0
386,69,4.0
386,72,3.0
386,125,3.0
386,25,3.0
386,26,4.0
386,28,4.0
386,61,5.0
386,74,2.0
386,7,4.0
386,158,4.0
386,15,3.0
386,496,4.0
386,83,3.0
387,56,5.0
387,59,5.0
387,172,5.0
387,444,5.0
387,654,5.0
388,33,3.0
388,278,5.0
388,334,5.0
388,129,3.0
388,250,2.0
388,418,4.0
388,279,3.0
388,618,3.0
389,1,5.0
389,2,3.0
389,29,3.0
389,3,4.0
389,4,4.0
389,5,4.0
389,31,4.0
389,80,3.0
389,170,3.0
389,246,3.0
389,611,3.0
389,174,4.0
390,362,5.0
390,528,4.0
390,187,3.0
390,529,4.0
390,498,5.0
390,655,5.0
391,169,5.0
391,201,5.0
391,551,2.0
391,585,3.0
391,548,5.0
392,229,5.0
392,371,2.0
392,332,3.0
392,236,4.0
392,657,5.0
392,290,4.0
392,269,5.0
393,25,3.0
393,2,2.0
393,3,3.0
393,84,5.0
393,64,3.0
393,81,3.0
394,80,4.0
394,249,2.0
394,264,5.0
394,349,3.0
394,508,3.0
394,403,4.0
395,123,4.0
395,24,4.0
395,68,4.0
395,283,4.0
395,56,4.0
395,124,5.0
395,73,4.0
395,3,3.0
395,84,5.0
395,76,5.0
395,48,3.0
395,49,4.0
395,50,4.0
395,96,4.0
395,116,5.0
395,148,4.0
395,410,5.0
395,215,3.0
395,230,5.0
395,658,5.0
395,254,5.0
395,660,5.0
396,77,4.0
396,81,4.0
396,287,3.0
396,42,3.0
396,212,3.0
396,156,4.0
397,23,4.0
397,24,5.0
397,68,3.0
397,283,5.0
397,124,5.0
397,69,5.0
397,70,5.0
397,71,5.0
397,72,5.0
397,57,5.0
397,58,5.0
397,73,5.0
397,60,4.0
397,76,4.0
397,9,3.0
397,87,4.0
397,169,4.0
397,170,4.0
397,37,4.0
397,38,4.0
397,496,3.0
397,171,4.0
397,330,1.0
397,40,4.0
397,195,5.0
398,24,4.0
398,56,4.0
398,69,4.0
398,71,5.0
398,125,3.0
398,73,3.0
398,60,4.0
398,61,3.0
398,9,3.0
398,49,4.0
398,204,4.0
398,127,4.0
398,63,3.0
398,87,4.0
398,13,3.0
398,330,4.0
398,107,4.0
398,367,3.0
398,42,4.0
399,123,5.0
399,23,4.0
399,283,5.0
399,69,5.0
399,71,3.0
399,72,5.0
399,57,4.0
399,125,3.0
399,58,4.0
399,2,3.0
399,60,4.0
399,30,4.0
399,87,4.0
399,16,3.0
399,38,5.0
399,164,3.0
399,410,3.0
399,41,5.0
400,37,5.0
400,40,5.0
400,41,5.0
400,43,5.0
400,45,3.0
400,563,5.0
400,557,3.0
400,328,5.0
401,662,5.0
401,167,3.0
401,156,4.0
401,663,4.0
401,664,3.0
402,23,2.0
402,25,5.0
402,74,5.0
402,334,5.0
402,437,5.0
402,128,3.0
402,508,5.0
402,509,5.0
402,154,5.0
402,618,5.0
402,562,5.0
403,85,5.0
403,50,4.0
403,14,4.0
403,33,4.0
403,116,5.0
403,119,5.0
403,102,5.0
403,298,4.0
403,416,2.0
404,529,5.0
404,531,5.0
404,588,5.0
404,589,5.0
404,666,5.0
405,23,3.0
405,1,4.0
405,68,4.0
405,69,4.0
405,70,4.0
405,7,2.0
405,131,3.0
405,198,3.0
405,13,4.0
405,546,3.0
405,96,3.0
405,17,3.0
405,526,3.0
406,116,5.0
406,100,3.0
406,256,5.0
406,139,3.0
406,525,5.0
406,667,4.0
406,291,5.0
407,4,5.0
407,334,4.0
407,249,1.0
407,264,5.0
407,160,1.0
408,202,4.0
408,216,4.0
408,217,4.0
408,276,5.0
408,213,4.0
408,192,4.0
408,585,3.0
409,26,4.0
409,2,3.0
409,88,4.0
409,319,2.0
409,249,2.0
409,195,2.0
409,279,4.0
409,398,2.0
409,403,3.0
410,8,3.0
410,463,5.0
410,546,2.0
410,404,5.0
410,187,5.0
410,649,5.0
410,669,5.0
411,24,5.0
411,283,4.0
411,27,4.0
411,73,4.0
411,60,5.0
411,61,3.0
411,84,4.0
411,76,3.0
411,131,4.0
411,9,3.0
411,49,3.0
411,349,3.0
411,18,3.0
411,298,5.0
412,63,5.0
412,87,5.0
412,96,3.0
412,147,4.0
412,65,4.0
412,181,4.0
413,82,3.0
413,165,4.0
413,241,4.0
413,226,2.0
413,185,4.0
413,286,5.0
414,22,3.0
414,24,4.0
414,58,3.0
414,2,1.0
414,59,3.0
414,84,1.0
414,75,4.0
414,5,3.0
414,7,3.0
414,48,4.0
414,9,3.0
414,62,3.0
414,214,3.0
414,205,3.0
414,232,3.0
414,347,3.0
415,49,3.0
415,50,2.0
415,33,4.0
415,164,3.0
415,149,2.0
416,334,4.0
416,622,4.0
416,264,4.0
416,348,2.0
416,318,5.0
417,89,3.0
417,264,4.0
417,99,3.0
417,250,2.0
417,202,2.0
418,355,3.0
418,135,5.0
418,136,4.0
418,327,2.0
418,440,2.0
419,23,4.0
419,1,4.0
419,68,4.0
419,124,3.0
419,29,3.0
419,32,4.0
419,14,4.0
419,116,5.0
419,340,5.0
420,22,5.0
420,68,5.0
420,56,5.0
420,72,4.0
420,27,5.0
420,73,5.0
420,59,5.0
420,47,5.0
420,48,5.0
420,92,3.0
420,172,5.0
420,173,4.0
420,510,5.0
420,442,5.0
421,283,4.0
421,56,3.0
421,125,5.0
421,77,4.0
421,87,4.0
421,88,5.0
421,219,5.0
421,349,5.0
421,251,3.0
421,304,4.0
421,381,5.0
422,552,2.0
422,262,2.0
422,307,3.0
422,453,4.0
422,314,1.0
422,140,4.0
422,145,4.0
423,256,5.0
423,258,5.0
423,333,3.0
423,259,5.0
423,428,5.0
424,9,5.0
424,50,3.0
424,16,4.0
424,354,5.0
424,148,5.0
424,39,5.0
424,231,4.0
424,664,5.0
424,359,4.0
424,672,4.0
424,506,5.0
425,85,4.0
425,410,5.0
425,659,5.0
425,389,5.0
425,210,5.0
425,487,5.0
426,123,4.0
426,24,4.0
426,283,3.0
426,56,3.0
426,71,4.0
426,25,3.0
426,73,4.0
426,28,3.0
426,74,4.0
426,5,3.0
426,30,2.0
426,126,3.0
426,16,4.0
426,164,2.0
426,230,4.0
426,109,4.0
427,22,5.0
427,123,4.0
427,23,3.0
427,24,4.0
427,68,4.0
427,283,4.0
427,124,4.0
427,69,5.0
427,70,5.0
427,71,4.0
427,72,4.0
427,57,3.0
427,125,4.0
427,25,4.0
427,2,4.0
427,27,3.0
427,73,3.0
427,60,4.0
427,74,5.0
427,126,3.0
427,204,5.0
427,87,3.0
427,463,5.0
427,132,4.0
428,126,5.0
428,85,4.0
428,77,5.0
428,198,2.0
428,88,4.0
428,106,4.0
428,230,5.0
428,596,4.0
428,101,4.0
429,16,3.0
429,164,3.0
429,426,3.0
429,350,3.0
429,359,3.0
430,22,4.0
430,23,3.0
430,24,5.0
430,68,3.0
430,125,4.0
430,25,3.0
430,58,4.0
430,60,5.0
430,126,3.0
430,9,3.0
430,261,3.0
430,77,4.0
430,214,3.0
430,371,3.0
430,425,4.0
431,5,3.0
431,48,5.0
431,8,3.0
431,126,3.0
431,9,4.0
431,62,4.0
431,50,4.0
431,169,4.0
431,159,3.0
431,205,4.0
431,288,3.0
431,108,3.0
432,117,4.0
432,264,5.0
432,128,3.0
432,92,5.0
432,326,5.0
432,233,4.0
433,179,5.0
433,461,5.0
433,206,4.0
433,411,3.0
433,121,5.0
433,512,3.0
434,463,3.0
434,320,4.0
434,37,4.0
434,40,4.0
434,376,4.0
434,35,4.0
435,59,4.0
435,75,4.0
435,48,4.0
435,13,4.0
435,51,3.0
435,16,4.0
435,159,3.0
435,205,4.0
435,172,3.0
435,611,5.0
435,114,3.0
436,319,4.0
436,320,4.0
436,528,4.0
436,195,4.0
436,322,4.0
437,24,4.0
437,68,3.0
437,124,5.0
437,69,5.0
437,70,5.0
437,71,5.0
437,57,5.0
437,25,5.0
437,58,5.0
437,60,5.0
437,84,5.0
437,126,5.0
437,320,5.0
437,446,4.0
437,264,3.0
437,129,5.0
437,371,3.0
437,250,5.0
437,303,3.0
437,510,4.0
437,280,5.0
437,674,3.0
438,22,5.0
438,70,4.0
438,71,5.0
438,72,4.0
438,125,3.0
438,26,1.0
438,30,4.0
438,146,4.0
438,147,4.0
438,34,5.0
438,278,5.0
438,164,4.0
438,375,5.0
438,231,4.0
438,509,4.0
438,233,5.0
439,25,4.0
439,73,5.0
439,28,4.0
439,3,4.0
439,62,4.0
439,127,5.0
439,96,5.0
439,51,4.0
439,132,5.0
439,215,4.0
439,218,4.0
440,123,5.0
440,23,1.0
440,24,4.0
440,68,2.0
440,283,4.0
440,56,2.0
440,124,5.0
440,125,3.0
440,25,2.0
440,26,3.0
440,27,5.0
440,73,3.0
440,59,2.0
440,84,3.0
440,76,2.0
440,126,2.0
440,86,3.0
440,87,3.0
440,64,4.0
440,101,3.0
440,417,2.0
441,146,5.0
441,170,5.0
441,264,3.0
441,321,5.0
441,580,5.0
442,463,5.0
442,180,5.0
442,320,3.0
442,528,3.0
442,187,5.0
442,246,5.0
442,624,5.0
442,675,5.0
442,676,4.0
443,159,3.0
443,334,3.0
443,376,4.0
443,11,3.0
443,339,3.0
443,361,3.0
443,420,4.0
444,6,3.0
444,15,3.0
444,219,3.0
444,159,2.0
444,165,2.0
444,665,1.0
444,386,4.0
444,680,4.0
445,49,4.0
445,85,3.0
445,33,4.0
445,148,4.0
445,89,5.0
445,119,4.0
445,461,5.0
445,206,5.0
445,255,5.0
445,139,5.0
445,667,5.0
446,31,1.0
446,15,1.0
446,300,3.0
446,201,5.0
446,464,1.0
446,340,4.0
446,120,2.0
447,8,4.0
447,158,4.0
447,169,5.0
447,219,5.0
447,52,3.0
447,375,4.0
447,19,4.0
447,344,5.0
448,179,5.0
448,219,1.0
448,258,2.0
448,544,3.0
448,679,2.0
449,451,4.0
449,453,5.0
449,540,4.0
449,270,4.0
449,523,4.0
450,287,5.0
450,89,3.0
450,272,3.0
450,304,3.0
450,585,3.0
450,683,5.0
451,320,3.0
451,271,4.0
451,504,1.0
451,423,3.0
451,420,2.0
452,14,4.0
452,147,4.0
452,148,4.0
452,99,4.0
452,421,5.0
453,283,5.0
453,72,3.0
453,25,5.0
453,58,3.0
453,131,3.0
453,126,3.0
453,64,4.0
453,16,3.0
453,330,2.0
453,230,3.0
454,115,5.0
454,223,5.0
454,224,5.0
454,562,5.0
454,517,5.0
454,684,5.0
455,116,5.0
455,117,5.0
455,313,5.0
455,268,5.0
455,260,5.0
455,495,5.0
455,686,5.0
456,33,4.0
456,97,4.0
456,327,4.0
456,550,5.0
456,258,3.0
457,1,4.0
457,75,4.0
457,8,4.0
457,271,4.0
457,107,3.0
457,172,3.0
457,302,4.0
458,59,4.0
458,28,5.0
458,5,5.0
458,88,4.0
458,34,5.0
458,91,5.0
458,508,4.0
458,510,4.0
458,432,4.0
458,403,5.0
458,282,5.0
459,2,5.0
459,7,3.0
459,51,5.0
459,220,5.0
459,182,5.0
459,611,5.0
459,619,5.0
460,261,4.0
460,115,4.0
460,320,4.0
460,37,4.0
460,437,4.0
460,321,4.0
460,580,4.0
460,560,4.0
460,45,3.0
460,557,3.0
461,37,5.0
461,38,5.0
461,40,4.0
461,348,2.0
461,41,3.0
461,176,2.0
461,43,4.0
461,664,4.0
462,72,2.0
462,57,5.0
462,27,5.0
462,28,2.0
462,3,3.0
462,62,3.0
462,15,4.0
462,232,4.0
462,688,1.0
463,426,4.0
463,456,4.0
463,472,5.0
463,473,5.0
463,689,2.0
464,123,4.0
464,24,5.0
464,68,3.0
464,56,5.0
464,125,4.0
464,25,4.0
464,58,3.0
464,2,4.0
464,59,4.0
464,60,4.0
464,84,5.0
464,48,3.0
464,86,5.0
464,16,5.0
464,529,3.0
464,202,3.0
464,152,3.0
464,111,2.0
464,243,2.0
465,229,3.0
465,451,4.0
465,325,4.0
465,342,4.0
465,374,4.0
466,7,5.0
466,48,3.0
466,86,5.0
466,81,3.0
466,330,1.0
466,245,4.0
466,202,4.0
466,110,2.0
466,203,4.0
467,29,3.0
467,8,5.0
467,179,3.0
467,158,3.0
467,169,4.0
467,249,5.0
467,524,2.0
468,362,4.0
468,528,5.0
468,609,5.0
468,138,5.0
468,309,5.0
469,201,4.0
469,551,4.0
469,216,4.0
469,217,4.0
469,273,3.0
469,189,4.0
470,58,4.0
470,74,3.0
470,131,4.0
470,63,3.0
470,319,3.0
470,51,4.0
470,249,3.0
470,92,4.0
470,482,3.0
470,693,3.0
471,131,2.0
471,49,2.0
471,85,3.0
471,63,3.0
471,215,4.0
471,297,4.0
471,42,4.0
472,131,4.0
472,205,4.0
472,507,3.0
472,659,4.0
472,584,4.0
472,130,5.0
473,3,5.0
473,88,4.0
473,278,5.0
473,249,4.0
473,196,3.0
473,129,5.0
473,92,5.0
473,510,5.0
474,426,5.0
474,363,5.0
474,422,3.0
474,572,4.0
474,175,3.0
475,74,4.0
475,146,2.0
475,147,3.0
475,182,2.0
475,233,3.0
476,22,4.0
476,123,5.0
476,23,1.0
476,24,5.0
476,283,4.0
476,27,5.0
476,59,4.0
476,60,1.0
476,3,4.0
476,75,2.0
476,5,4.0
476,7,3.0
476,48,4.0
476,81,4.0
476,404,5.0
476,205,2.0
476,129,5.0
476,172,3.0
477,70,5.0
477,30,3.0
477,131,2.0
477,126,5.0
477,204,4.0
477,164,3.0
477,165,2.0
477,266,5.0
478,633,3.0
478,532,4.0
478,533,4.0
478,484,4.0
478,675,5.0
478,695,4.0
478,696,3.0
479,22,4.0
479,123,5.0
479,23,3.0
479,56,4.0
479,124,5.0
479,70,5.0
479,71,5.0
479,72,4.0
479,57,5.0
479,26,4.0
479,2,1.0
479,73,5.0
479,60,4.0
479,28,4.0
479,75,4.0
479,7,4.0
479,8,4.0
479,30,3.0
479,81,3.0
479,219,4.0
479,105,4.0
479,52,3.0
479,10,3.0
479,37,1.0
479,551,4.0
479,240,4.0
479,161,3.0
480,6,4.0
480,31,3.0
480,37,3.0
480,38,3.0
480,164,3.0
480,188,4.0
481,214,3.0
481,375,3.0
481,507,2.0
481,133,5.0
481,473,3.0
481,640,5.0
481,447,3.0
482,31,3.0
482,14,3.0
482,546,5.0
482,199,4.0
482,132,3.0
482,320,4.0
483,47,1.0
483,85,4.0
483,86,4.0
483,116,4.0
483,426,4.0
483,350,4.0
484,29,4.0
484,4,4.0
484,6,4.0
484,79,3.0
484,199,4.0
484,214,2.0
484,39,4.0
484,11,4.0
484,172,3.0
484,422,4.0
485,76,4.0
485,126,4.0
485,9,3.0
485,13,5.0
485,96,4.0
485,18,4.0
485,230,4.0
486,22,5.0
486,23,3.0
486,1,5.0
486,68,5.0
486,56,3.0
486,25,4.0
486,58,4.0
486,59,3.0
486,60,4.0
486,3,3.0
486,4,5.0
486,84,3.0
486,47,5.0
486,127,4.0
486,199,4.0
486,34,4.0
486,278,5.0
486,205,4.0
486,264,4.0
486,507,2.0
486,508,5.0
487,22,4.0
487,23,3.0
487,25,4.0
487,26,4.0
487,60,4.0
487,3,4.0
487,126,3.0
487,115,4.0
487,169,4.0
487,354,5.0
487,437,4.0
487,371,3.0
487,514,4.0
487,121,4.0
488,546,3.0
488,64,4.0
488,159,3.0
488,215,3.0
488,432,3.0
488,381,3.0
488,347,4.0
489,75,3.0
489,6,4.0
489,30,4.0
489,62,4.0
489,132,4.0
490,22,5.0
490,123,5.0
490,24,3.0
490,68,3.0
490,56,5.0
490,69,4.0
490,70,4.0
490,71,4.0
490,72,2.0
490,57,4.0
490,125,3.0
490,73,3.0
490,59,3.0
490,28,3.0
490,76,3.0
490,132,3.0
490,496,3.0
490,17,4.0
490,220,2.0
490,230,3.0
491,76,4.0
491,127,5.0
491,146,3.0
491,147,4.0
491,90,4.0
491,40,3.0
491,371,4.0
491,43,3.0
491,45,3.0
491,374,3.0
492,69,5.0
492,70,5.0
492,72,4.0
492,57,5.0
492,29,3.0
492,75,4.0
492,88,4.0
492,81,5.0
492,92,4.0
492,251,4.0
492,208,4.0
493,399,4.0
493,528,4.0
493,497,4.0
493,405,4.0
493,633,3.0
493,174,4.0
493,242,2.0
493,700,4.0
494,22,4.0
494,123,4.0
494,125,3.0
494,58,5.0
494,27,5.0
494,59,5.0
494,60,5.0
494,74,4.0
494,48,4.0
494,30,5.0
494,446,5.0
494,656,4.0
494,510,5.0
495,69,5.0
495,70,4.0
495,71,4.0
495,57,5.0
495,27,5.0
495,28,5.0
495,3,5.0
495,5,5.0
495,79,4.0
495,50,4.0
495,469,5.0
495,313,4.0
495,701,5.0
495,143,4.0
496,38,5.0
496,164,4.0
496,98,2.0
496,40,5.0
496,41,5.0
496,372,5.0
496,150,5.0
496,381,3.0
497,2,5.0
497,4,4.0
497,75,2.0
497,6,4.0
497,8,3.0
497,31,3.0
497,80,2.0
497,234,3.0
497,190,4.0
497,549,3.0
498,75,3.0
498,48,5.0
498,16,5.0
498,37,4.0
498,38,4.0
498,288,4.0
498,40,4.0
499,85,5.0
499,14,5.0
499,546,2.0
499,116,5.0
499,148,4.0
499,89,4.0
499,244,4.0
500,123,4.0
500,24,4.0
500,68,4.0
500,283,4.0
500,124,4.0
500,69,3.0
500,70,4.0
500,71,3.0
500,72,4.0
500,57,4.0
500,125,4.0
500,25,4.0
500,27,5.0
500,61,4.0
500,74,4.0
500,198,2.0
500,88,5.0
500,278,4.0
500,496,5.0
500,416,5.0
501,23,3.0
501,68,5.0
501,283,5.0
501,125,2.0
501,25,5.0
501,58,5.0
501,27,4.0
501,76,5.0
501,9,1.0
501,87,5.0
501,13,5.0
501,34,5.0
501,317,5.0
501,91,5.0
501,134,5.0
502,540,4.0
502,602,3.0
502,455,4.0
502,702,5.0
502,145,5.0
502,703,4.0
503,23,1.0
503,73,5.0
503,61,5.0
503,49,5.0
503,34,4.0
503,215,5.0
503,101,4.0
503,389,4.0
503,256,4.0
503,390,4.0
503,487,3.0
504,461,5.0
504,340,5.0
504,632,4.0
504,139,5.0
504,268,5.0
504,704,4.0
504,384,4.0
504,329,4.0
505,125,5.0
505,58,5.0
505,60,5.0
505,76,5.0
505,48,3.0
505,16,5.0
505,205,5.0
505,98,4.0
505,19,5.0
505,93,5.0
505,111,5.0
505,218,5.0
506,32,5.0
506,220,4.0
506,339,5.0
506,456,4.0
506,43,4.0
506,45,4.0
506,436,3.0
507,7,5.0
507,87,5.0
507,205,4.0
507,303,5.0
507,111,5.0
507,432,3.0
508,198,5.0
508,13,4.0
508,334,4.0
508,300,4.0
508,335,4.0
508,209,4.0
508,563,5.0
508,338,4.0
509,600,4.0
509,609,4.0
509,588,4.0
509,589,5.0
509,435,4.0
509,501,3.0
510,496,5.0
510,339,5.0
510,166,5.0
510,45,4.0
510,684,5.0
511,24,3.0
511,124,2.0
511,125,2.0
511,25,5.0
511,60,4.0
511,74,3.0
511,126,4.0
511,13,5.0
511,88,4.0
511,34,5.0
511,264,5.0
511,631,5.0
512,146,3.0
512,81,4.0
512,278,5.0
512,446,4.0
512,128,4.0
512,251,4.0
512,318,4.0
513,179,3.0
513,85,5.0
513,148,4.0
513,89,4.0
513,330,4.0
513,42,5.0
513,290,4.0
513,415,4.0
513,151,4.0
513,253,5.0
513,705,5.0
514,131,4.0
514,49,3.0
514,287,4.0
514,39,2.0
514,42,3.0
515,72,3.0
515,125,4.0
515,28,2.0
515,75,4.0
515,7,4.0
515,47,4.0
515,48,3.0
515,62,4.0
515,320,2.0
515,159,3.0
515,17,3.0
515,249,2.0
515,493,3.0
515,248,3.0
516,2,1.0
516,27,4.0
516,73,4.0
516,28,3.0
516,126,4.0
516,251,3.0
516,246,4.0
516,570,3.0
516,707,3.0
517,22,4.0
517,123,4.0
517,68,3.0
517,124,3.0
517,70,3.0
517,71,3.0
517,72,4.0
517,57,3.0
517,28,3.0
517,30,3.0
517,127,3.0
517,88,3.0
517,16,3.0
517,456,4.0
518,287,4.0
518,132,4.0
518,148,5.0
518,39,4.0
518,99,4.0
518,153,3.0
518,391,5.0
519,1,5.0
519,56,4.0
519,73,3.0
519,59,4.0
519,60,4.0
519,28,4.0
519,84,5.0
519,5,4.0
519,7,4.0
519,48,4.0
519,8,4.0
519,64,5.0
519,205,5.0
519,17,1.0
519,83,5.0
519,302,5.0
519,114,3.0
520,34,5.0
520,181,3.0
520,446,5.0
520,559,4.0
520,251,4.0
520,447,5.0
521,26,4.0
521,27,4.0
521,76,5.0
521,48,4.0
521,62,4.0
521,15,3.0
521,302,4.0
522,23,2.0
522,26,4.0
522,74,2.0
522,5,3.0
522,47,5.0
522,8,5.0
522,87,4.0
522,199,5.0
522,214,1.0
522,51,1.0
522,287,5.0
522,708,5.0
522,512,5.0
523,343,5.0
523,473,5.0
523,296,5.0
523,512,5.0
523,114,5.0
524,86,2.0
524,546,2.0
524,288,4.0
524,208,2.0
524,46,3.0
524,342,3.0
525,68,3.0
525,26,4.0
525,59,3.0
525,29,2.0
525,5,4.0
525,63,3.0
525,546,3.0
525,320,2.0
525,220,3.0
525,187,2.0
525,35,3.0
525,241,1.0
525,242,1.0
525,424,3.0
525,709,3.0
525,436,2.0
526,22,4.0
526,123,4.0
526,69,4.0
526,71,4.0
526,57,4.0
526,125,5.0
526,25,4.0
526,3,5.0
526,61,4.0
526,84,4.0
526,76,5.0
526,88,3.0
526,354,3.0
526,38,4.0
526,300,4.0
526,339,4.0
526,301,4.0
526,466,3.0
527,264,3.0
527,507,5.0
527,128,4.0
527,91,3.0
527,631,4.0
527,279,3.0
527,618,4.0
527,448,4.0
528,24,5.0
528,68,5.0
528,283,4.0
528,26,4.0
528,59,4.0
528,75,4.0
528,7,4.0
528,48,5.0
528,9,3.0
528,15,3.0
528,159,3.0
528,426,3.0
528,246,3.0
528,221,5.0
528,506,4.0
529,283,5.0
529,124,5.0
529,69,4.0
529,70,4.0
529,27,4.0
529,60,3.0
529,61,5.0
529,75,4.0
529,127,3.0
529,262,5.0
529,288,4.0
529,437,3.0
530,214,5.0
530,98,5.0
530,371,5.0
530,353,5.0
530,416,5.0
531,75,3.0
531,8,4.0
531,446,1.0
531,279,5.0
531,447,4.0
532,28,4.0
532,47,4.0
532,30,3.0
532,146,3.0
532,96,4.0
532,147,3.0
532,164,3.0
533,49,3.0
533,86,4.0
533,147,5.0
533,65,5.0
533,330,4.0
534,34,5.0
534,278,3.0
534,118,5.0
534,91,5.0
534,508,2.0
534,279,4.0
534,121,4.0
534,539,5.0
535,7,5.0
535,30,3.0
535,354,4.0
535,271,4.0
535,312,4.0
535,245,5.0
535,474,2.0
535,191,4.0
536,26,4.0
536,2,1.0
536,3,3.0
536,75,3.0
536,30,3.0
536,62,4.0
536,15,4.0
536,16,5.0
536,83,2.0
536,263,4.0
536,381,5.0
536,328,3.0
537,79,5.0
537,240,3.0
537,711,4.0
537,203,3.0
537,243,3.0
537,104,3.0
538,50,4.0
538,146,4.0
538,82,4.0
538,215,4.0
538,39,5.0
538,427,5.0
538,326,5.0
538,208,4.0
538,388,4.0
538,268,4.0
538,252,4.0
538,269,4.0
538,328,5.0
538,428,3.0
539,214,3.0
539,34,4.0
539,410,4.0
539,128,3.0
539,510,2.0
539,640,3.0
539,618,4.0
539,597,2.0
540,148,2.0
540,632,5.0
540,292,5.0
540,520,4.0
540,440,4.0
541,85,3.0
541,65,3.0
541,119,5.0
541,444,4.0
541,265,3.0
542,32,3.0
542,198,3.0
542,713,4.0
542,267,3.0
542,424,4.0
543,30,5.0
543,320,5.0
543,354,5.0
543,164,5.0
543,339,5.0
543,511,4.0
543,166,5.0
543,314,5.0
543,357,4.0
544,168,4.0
544,234,4.0
544,262,3.0
544,578,4.0
544,530,4.0
544,627,2.0
544,636,5.0
545,525,3.0
545,257,3.0
545,258,3.0
545,293,3.0
545,685,3.0
546,79,4.0
546,552,3.0
546,335,3.0
546,136,4.0
546,153,5.0
547,68,3.0
547,25,5.0
547,58,5.0
547,126,5.0
547,9,4.0
547,77,4.0
547,87,5.0
547,16,5.0
547,159,5.0
547,205,5.0
547,336,4.0
547,519,5.0
547,202,3.0
547,19,3.0
548,86,3.0
548,148,3.0
548,89,3.0
548,439,4.0
548,544,3.0
549,75,3.0
549,219,3.0
549,52,2.0
549,10,3.0
549,159,2.0
549,82,5.0
549,173,2.0
549,585,3.0
550,214,4.0
550,116,4.0
550,205,4.0
550,508,4.0
550,509,4.0
551,85,5.0
551,33,4.0
551,300,3.0
551,330,3.0
551,135,4.0
551,301,3.0
551,337,3.0
551,568,3.0
552,399,5.0
552,498,3.0
552,600,4.0
552,530,4.0
552,586,4.0
552,587,5.0
552,636,4.0
553,117,4.0
553,89,5.0
553,119,5.0
553,100,4.0
553,209,4.0
553,290,4.0
554,72,3.0
554,57,5.0
554,74,5.0
554,75,5.0
554,127,5.0
554,87,5.0
554,221,4.0
555,30,4.0
555,63,4.0
555,147,4.0
555,689,4.0
555,155,4.0
555,436,3.0
555,286,3.0
556,179,5.0
556,35,2.0
556,91,5.0
556,133,5.0
556,189,2.0
557,68,4.0
557,283,5.0
557,124,4.0
557,25,3.0
557,76,4.0
557,126,3.0
557,86,5.0
557,63,5.0
557,13,4.0
557,96,3.0
558,463,5.0
558,170,4.0
558,37,4.0
558,354,3.0
558,38,4.0
559,131,4.0
559,63,5.0
559,146,5.0
559,371,3.0
559,510,4.0
560,124,5.0
560,69,2.0
560,70,3.0
560,71,3.0
560,58,2.0
560,126,5.0
560,49,3.0
560,50,4.0
560,65,4.0
560,110,5.0
560,298,5.0
561,37,5.0
561,40,4.0
561,348,3.0
561,41,4.0
561,223,5.0
561,78,5.0
561,224,5.0
561,225,5.0
561,672,5.0
562,170,5.0
562,264,5.0
562,250,5.0
562,509,5.0
562,280,5.0
562,448,5.0
563,22,4.0
563,24,4.0
563,1,3.0
563,68,3.0
563,69,4.0
563,70,4.0
563,71,5.0
563,57,4.0
563,60,3.0
563,47,5.0
563,30,4.0
563,131,4.0
563,50,5.0
563,198,4.0
563,164,4.0
563,461,3.0
563,554,5.0
564,214,3.0
564,147,3.0
564,37,5.0
564,409,3.0
564,223,5.0
564,572,3.0
564,140,4.0
564,224,5.0
564,225,5.0
565,339,4.0
565,369,4.0
565,45,4.0
565,373,3.0
565,540,5.0
566,261,3.0
566,339,3.0
566,617,4.0
566,545,3.0
566,357,3.0
567,115,3.0
567,354,3.0
567,171,3.0
567,245,3.0
567,545,3.0
568,199,4.0
568,81,4.0
568,214,1.0
568,51,3.0
568,288,4.0
568,348,1.0
568,133,2.0
569,204,3.0
569,117,2.0
569,89,5.0
569,297,3.0
569,210,2.0
570,371,2.0
570,182,1.0
570,208,2.0
570,138,4.0
570,252,3.0
570,227,4.0
571,22,5.0
571,123,4.0
571,23,3.0
571,24,2.0
571,68,2.0
571,283,5.0
571,56,3.0
571,125,1.0
571,58,3.0
571,27,4.0
571,60,5.0
571,74,2.0
571,75,4.0
571,48,3.0
571,126,3.0
571,9,1.0
571,127,2.0
571,86,2.0
571,172,2.0
571,584,4.0
572,30,5.0
572,87,4.0
572,146,5.0
572,147,5.0
572,303,5.0
573,70,4.0
573,71,5.0
573,57,5.0
573,25,3.0
573,61,3.0
573,30,3.0
573,77,3.0
573,14,4.0
573,88,3.0
573,33,4.0
573,349,4.0
573,456,4.0
573,258,3.0
574,287,5.0
574,34,5.0
574,216,4.0
574,612,5.0
574,285,4.0
575,85,5.0
575,86,5.0
575,50,5.0
575,96,5.0
575,148,4.0
575,215,4.0
575,349,4.0
575,230,4.0
575,426,4.0
575,133,3.0
575,110,5.0
575,665,5.0
576,287,4.0
576,320,1.0
576,249,3.0
576,152,4.0
576,304,4.0
576,192,4.0
577,79,3.0
577,496,5.0
577,334,5.0
577,401,3.0
577,207,1.0
578,118,3.0
578,580,2.0
578,610,3.0
578,308,4.0
578,370,2.0
578,651,3.0
579,264,5.0
579,128,5.0
579,631,5.0
579,611,5.0
579,510,3.0
579,370,5.0
580,1,4.0
580,73,5.0
580,59,3.0
580,48,2.0
580,127,3.0
580,85,2.0
580,50,4.0
580,198,3.0
580,88,4.0
580,222,4.0
580,395,5.0
581,408,5.0
581,371,5.0
581,687,5.0
581,617,5.0
581,374,5.0
582,81,2.0
582,404,3.0
582,195,4.0
582,272,4.0
582,339,4.0
582,176,4.0
582,629,4.0
583,22,3.0
583,73,2.0
583,59,3.0
583,131,3.0
583,86,3.0
583,319,3.0
583,81,2.0
583,219,3.0
583,106,2.0
583,396,3.0
583,108,4.0
584,63,5.0
584,50,5.0
584,146,5.0
584,349,5.0
584,119,5.0
584,209,5.0
584,643,5.0
585,33,3.0
585,117,3.0
585,335,5.0
585,411,2.0
585,337,3.0
585,292,4.0
586,461,5.0
586,135,5.0
586,136,5.0
586,453,5.0
586,563,4.0
587,79,4.0
587,179,3.0
587,404,2.0
587,537,3.0
587,293,4.0
587,716,4.0
588,146,3.0
588,176,3.0
588,717,3.0
588,718,4.0
588,277,3.0
589,4,4.0
589,170,2.0
589,164,3.0
589,171,3.0
589,165,3.0
589,216,4.0
590,158,4.0
590,319,4.0
590,320,4.0
590,271,4.0
590,189,5.0
590,573,5.0
590,620,4.0
591,77,4.0
591,115,1.0
591,362,3.0
591,625,4.0
591,589,4.0
592,199,5.0
592,147,3.0
592,34,5.0
592,496,5.0
592,39,5.0
592,622,5.0
592,446,5.0
592,507,4.0
592,508,4.0
592,509,4.0
592,719,5.0
592,638,5.0
593,1,3.0
593,27,4.0
593,9,5.0
593,50,5.0
593,77,5.0
593,496,5.0
593,98,5.0
593,230,5.0
593,92,4.0
593,231,5.0
593,416,5.0
593,682,5.0
593,458,4.0
594,23,1.0
594,24,5.0
594,69,4.0
594,26,4.0
594,58,5.0
594,59,2.0
594,74,1.0
594,75,5.0
594,76,4.0
594,7,5.0
594,8,3.0
594,319,3.0
594,52,2.0
594,320,5.0
594,159,4.0
594,205,3.0
594,154,3.0
594,430,5.0
595,24,2.0
595,69,4.0
595,70,5.0
595,71,4.0
595,60,5.0
595,28,5.0
595,84,3.0
595,9,5.0
595,127,5.0
595,40,3.0
595,252,3.0
595,527,5.0
596,30,3.0
596,86,1.0
596,15,1.0
596,16,5.0
596,65,2.0
596,411,4.0
596,681,5.0
596,259,3.0
597,28,2.0
597,3,3.0
597,85,3.0
597,86,2.0
597,88,2.0
597,300,2.0
597,302,3.0
597,152,2.0
597,156,4.0
597,157,3.0
598,261,3.0
598,497,1.0
598,371,4.0
598,185,4.0
598,361,2.0
599,48,5.0
599,63,4.0
599,287,3.0
599,82,4.0
599,92,4.0
599,715,3.0
600,206,4.0
600,100,3.0
600,139,4.0
600,257,3.0
600,94,4.0
601,74,1.0
601,5,2.0
601,48,2.0
601,9,2.0
601,88,3.0
601,354,3.0
601,496,3.0
602,283,4.0
602,69,5.0
602,70,5.0
602,71,5.0
602,72,3.0
602,57,5.0
602,61,3.0
602,84,4.0
602,126,5.0
602,49,4.0
602,50,5.0
602,13,5.0
602,14,5.0
602,278,5.0
602,496,5.0
602,153,5.0
602,134,5.0
603,76,4.0
603,9,5.0
603,62,4.0
603,86,5.0
603,81,3.0
603,15,5.0
603,219,4.0
603,410,3.0
603,92,5.0
603,303,4.0
604,123,5.0
604,124,4.0
604,69,5.0
604,70,5.0
604,57,4.0
604,26,4.0
604,2,4.0
604,27,4.0
604,28,5.0
604,4,4.0
604,84,4.0
604,75,4.0
604,47,4.0
604,8,4.0
604,30,4.0
604,131,4.0
604,62,5.0
604,80,4.0
604,15,5.0
604,51,5.0
604,246,3.0
605,689,4.0
605,357,5.0
605,45,4.0
605,359,5.0
605,557,4.0
606,498,3.0
606,609,4.0
606,634,4.0
606,540,5.0
606,499,5.0
606,589,5.0
607,56,5.0
607,71,4.0
607,2,4.0
607,59,3.0
607,60,3.0
607,126,4.0
607,204,4.0
607,13,5.0
607,552,2.0
607,96,3.0
607,437,4.0
607,220,5.0
607,649,5.0
607,698,5.0
607,589,4.0
608,123,4.0
608,23,4.0
608,24,3.0
608,68,4.0
608,283,4.0
608,25,4.0
608,58,5.0
608,60,5.0
608,76,1.0
608,87,4.0
608,34,5.0
608,334,3.0
608,264,3.0
608,349,4.0
609,25,5.0
609,2,3.0
609,75,5.0
609,7,3.0
609,131,2.0
609,62,5.0
609,88,4.0
609,51,4.0
609,202,1.0
609,176,3.0
609,597,2.0
610,653,4.0
610,354,3.0
610,196,4.0
610,511,4.0
610,617,3.0
610,545,3.0
611,264,3.0
611,339,5.0
611,182,5.0
611,508,3.0
611,43,5.0
612,85,4.0
612,105,4.0
612,132,2.0
612,229,3.0
612,335,3.0
612,135,3.0
612,307,4.0
612,120,2.0
612,470,4.0
613,362,3.0
613,170,3.0
613,497,3.0
613,452,5.0
613,453,4.0
614,24,4.0
614,69,3.0
614,70,3.0
614,71,4.0
614,72,3.0
614,125,5.0
614,25,4.0
614,73,4.0
614,74,5.0
614,126,4.0
614,50,5.0
614,198,4.0
614,300,5.0
614,220,3.0
614,375,5.0
614,230,4.0
614,369,4.0
615,22,4.0
615,1,4.0
615,69,5.0
615,70,5.0
615,72,3.0
615,27,4.0
615,73,5.0
615,61,5.0
615,5,5.0
615,126,5.0
615,49,4.0
615,87,5.0
615,278,5.0
615,288,5.0
615,93,4.0
615,342,5.0
616,33,5.0
616,118,2.0
616,97,5.0
616,181,3.0
616,720,3.0
616,567,3.0
617,42,3.0
617,301,3.0
617,722,3.0
617,723,3.0
617,705,3.0
618,76,4.0
618,63,4.0
618,13,4.0
618,110,4.0
618,416,2.0
618,599,4.0
619,79,5.0
619,168,5.0
619,354,3.0
619,289,3.0
619,564,3.0
620,47,4.0
620,179,3.0
620,37,4.0
620,38,4.0
620,40,4.0
620,355,5.0
621,83,2.0
621,508,2.0
621,279,1.0
621,510,2.0
621,403,2.0
622,4,5.0
622,51,4.0
622,382,3.0
622,611,4.0
622,365,4.0
622,442,4.0
623,1,4.0
623,26,4.0
623,75,4.0
623,7,5.0
623,48,4.0
623,8,3.0
623,86,4.0
623,146,3.0
623,51,4.0
623,205,4.0
623,83,3.0
623,172,3.0
624,7,4.0
624,63,4.0
624,16,3.0
624,129,4.0
624,152,4.0
625,31,3.0
625,170,3.0
625,37,4.0
625,38,4.0
625,171,5.0
625,355,3.0
625,607,5.0
625,227,5.0
626,238,4.0
626,569,5.0
626,358,4.0
626,395,4.0
626,420,4.0
627,3,3.0
627,74,4.0
627,47,4.0
627,13,4.0
627,496,5.0
627,128,5.0
627,250,4.0
627,111,4.0
628,310,3.0
628,330,4.0
628,364,5.0
628,671,5.0
628,616,5.0
629,334,4.0
629,446,5.0
629,507,5.0
629,172,4.0
629,509,5.0
630,22,4.0
630,123,4.0
630,70,4.0
630,71,4.0
630,72,5.0
630,57,4.0
630,2,2.0
630,60,4.0
630,204,3.0
630,86,4.0
630,13,3.0
630,96,4.0
630,16,4.0
631,33,4.0
631,97,5.0
631,325,4.0
631,289,4.0
631,267,4.0
631,544,4.0
631,462,4.0
632,50,4.0
632,198,4.0
632,16,3.0
632,116,4.0
632,148,4.0
632,348,4.0
632,456,3.0
632,99,4.0
632,369,4.0
632,153,4.0
633,354,4.0
633,18,4.0
633,580,5.0
633,92,5.0
633,339,4.0
633,166,3.0
633,357,3.0
634,206,5.0
634,411,5.0
634,255,3.0
634,628,5.0
634,142,5.0
635,261,5.0
635,262,5.0
635,408,5.0
635,53,5.0
635,137,5.0
635,562,5.0
636,123,5.0
636,23,1.0
636,69,4.0
636,70,5.0
636,71,5.0
636,57,5.0
636,25,4.0
636,58,3.0
636,60,3.0
636,317,3.0
636,152,3.0
637,24,3.0
637,68,3.0
637,13,4.0
637,96,4.0
637,219,3.0
637,330,3.0
637,439,4.0
637,491,3.0
637,683,4.0
638,25,5.0
638,73,5.0
638,61,5.0
638,334,4.0
638,308,4.0
639,91,5.0
639,631,5.0
639,152,5.0
639,387,4.0
639,558,5.0
640,25,4.0
640,26,4.0
640,2,2.0
640,3,2.0
640,74,4.0
640,75,4.0
640,105,5.0
640,271,4.0
640,164,3.0
641,22,4.0
641,23,5.0
641,68,4.0
641,56,4.0
641,71,4.0
641,72,4.0
641,57,4.0
641,59,4.0
641,60,4.0
641,28,4.0
641,84,3.0
641,75,4.0
641,5,4.0
641,48,3.0
641,86,2.0
641,51,5.0
642,22,5.0
642,123,4.0
642,23,4.0
642,24,3.0
642,283,4.0
642,124,4.0
642,69,5.0
642,70,5.0
642,71,5.0
642,72,3.0
642,57,4.0
642,125,5.0
642,58,3.0
642,29,3.0
642,61,4.0
642,198,4.0
642,96,4.0
642,117,5.0
642,97,4.0
642,91,2.0
643,34,5.0
643,90,4.0
643,91,5.0
643,208,5.0
643,474,2.0
644,124,4.0
644,84,5.0
644,63,3.0
644,87,4.0
644,89,5.0
644,330,3.0
644,83,3.0
644,230,3.0
644,42,4.0
644,381,3.0
645,22,5.0
645,123,5.0
645,68,5.0
645,283,4.0
645,56,4.0
645,124,5.0
645,25,5.0
645,26,5.0
645,58,3.0
645,27,5.0
645,59,5.0
645,61,5.0
645,84,4.0
645,76,2.0
645,49,5.0
645,204,5.0
645,86,5.0
645,64,5.0
645,199,5.0
645,92,5.0
645,223,4.0
645,111,4.0
645,151,5.0
646,653,4.0
646,551,4.0
646,188,4.0
646,363,3.0
646,243,3.0
646,613,3.0
647,5,5.0
647,62,4.0
647,64,4.0
647,250,4.0
647,381,4.0
648,123,5.0
648,23,5.0
648,124,4.0
648,69,5.0
648,70,5.0
648,71,5.0
648,58,5.0
648,126,4.0
648,198,5.0
648,147,4.0
648,320,3.0
648,494,4.0
648,685,4.0
648,253,3.0
649,22,5.0
649,24,5.0
649,68,5.0
649,56,5.0
649,72,4.0
649,125,4.0
649,26,3.0
649,58,5.0
649,2,1.0
649,27,4.0
649,59,3.0
649,75,3.0
649,6,4.0
649,7,3.0
649,48,4.0
649,8,3.0
649,31,3.0
649,158,4.0
649,664,3.0
650,22,4.0
650,123,5.0
650,23,1.0
650,24,4.0
650,68,3.0
650,283,5.0
650,56,2.0
650,124,4.0
650,69,5.0
650,71,5.0
650,57,5.0
650,125,4.0
650,58,3.0
650,2,1.0
650,73,4.0
650,59,2.0
650,60,3.0
650,28,4.0
650,3,4.0
650,76,4.0
650,9,3.0
650,62,5.0
650,127,5.0
650,86,4.0
650,334,5.0
650,220,3.0
651,214,5.0
651,426,4.0
651,339,5.0
651,656,4.0
651,167,5.0
651,373,5.0
651,394,5.0
652,1,5.0
652,69,5.0
652,71,5.0
652,57,5.0
652,26,5.0
652,73,4.0
652,29,2.0
652,3,3.0
652,47,3.0
652,158,5.0
652,146,4.0
652,219,5.0
652,147,3.0
652,171,4.0
652,195,3.0
652,412,4.0
652,275,4.0
652,276,4.0
653,115,4.0
653,97,5.0
653,300,4.0
653,139,4.0
653,704,3.0
653,276,4.0
653,226,4.0
654,75,5.0
654,7,3.0
654,116,4.0
654,159,4.0
654,205,2.0
654,202,4.0
654,263,3.0
655,29,3.0
655,87,2.0
655,14,3.0
655,171,4.0
655,82,4.0
655,665,3.0
655,21,3.0
656,73,5.0
656,75,5.0
656,52,4.0
656,496,5.0
656,300,5.0
656,250,5.0
656,611,4.0
657,47,5.0
657,199,4.0
657,146,2.0
657,287,4.0
657,17,4.0
658,261,4.0
658,463,4.0
658,234,4.0
658,399,5.0
658,528,4.0
658,577,4.0
658,675,4.0
659,8,3.0
659,127,2.0
659,13,4.0
659,220,3.0
659,151,4.0
660,180,4.0
660,186,4.0
660,623,5.0
660,657,5.0
660,676,4.0
660,727,4.0
661,123,4.0
661,24,5.0
661,124,5.0
661,70,5.0
661,71,3.0
661,72,2.0
661,25,5.0
661,73,4.0
661,61,4.0
661,126,5.0
661,198,2.0
661,14,3.0
661,88,4.0
661,116,3.0
661,181,5.0
661,622,1.0
661,657,2.0
661,484,2.0
662,97,4.0
662,461,5.0
662,340,3.0
662,632,4.0
662,567,5.0
663,22,5.0
663,123,5.0
663,68,4.0
663,56,5.0
663,124,4.0
663,58,5.0
663,2,1.0
663,27,3.0
663,73,4.0
663,59,3.0
663,3,4.0
663,84,3.0
663,48,5.0
663,62,5.0
663,319,3.0
663,92,4.0
663,371,2.0
663,377,4.0
663,432,4.0
663,642,2.0
664,42,5.0
664,659,4.0
664,110,3.0
664,112,5.0
664,156,4.0
664,381,4.0
664,599,3.0
665,70,4.0
665,71,4.0
665,72,3.0
665,57,4.0
665,25,5.0
665,73,5.0
665,60,3.0
665,61,5.0
665,126,4.0
665,127,4.0
665,50,4.0
665,88,3.0
665,15,5.0
665,452,4.0
665,453,4.0
666,22,5.0
666,123,5.0
666,68,4.0
666,125,4.0
666,26,3.0
666,27,5.0
666,60,5.0
666,61,5.0
666,7,3.0
666,62,4.0
666,127,5.0
666,86,3.0
666,205,3.0
666,302,3.0
666,246,4.0
666,347,2.0
667,26,4.0
667,73,5.0
667,59,3.0
667,30,3.0
667,9,3.0
667,63,3.0
667,214,3.0
667,287,3.0
667,164,3.0
667,350,3.0
667,661,3.0
668,362,3.0
668,399,3.0
668,586,4.0
668,533,3.0
668,588,4.0
668,592,2.0
668,502,3.0
669,4,4.0
669,5,4.0
669,15,5.0
669,219,3.0
669,214,3.0
669,17,4.0
669,98,5.0
669,240,5.0
669,617,5.0
670,287,4.0
670,320,4.0
670,40,4.0
670,396,3.0
670,223,5.0
670,224,4.0
671,508,4.0
671,422,3.0
671,509,4.0
671,677,5.0
671,372,5.0
671,373,5.0
672,179,3.0
672,554,5.0
672,209,3.0
672,544,5.0
672,667,1.0
672,293,3.0
673,49,4.0
673,14,4.0
673,148,4.0
673,288,4.0
673,342,4.0
674,35,4.0
674,418,4.0
674,241,2.0
674,167,4.0
674,242,3.0
674,372,4.0
674,517,5.0
674,394,4.0
674,436,5.0
675,29,1.0
675,76,4.0
675,463,3.0
675,13,5.0
675,88,4.0
675,132,3.0
675,230,4.0
676,24,3.0
676,72,4.0
676,26,3.0
676,27,5.0
676,59,4.0
676,28,4.0
676,3,3.0
676,84,3.0
676,74,3.0
676,30,3.0
676,86,3.0
676,51,4.0
676,107,3.0
676,426,3.0
676,355,3.0
676,476,4.0
676,152,3.0
676,601,3.0
677,31,1.0
677,179,5.0
677,32,4.0
677,198,5.0
677,463,3.0
677,180,3.0
677,187,3.0
677,183,5.0
678,10,4.0
678,410,5.0
678,173,2.0
678,302,5.0
678,527,3.0
679,30,3.0
679,50,5.0
679,106,5.0
679,148,3.0
679,689,4.0
680,179,4.0
680,85,5.0
680,89,4.0
680,215,4.0
680,451,4.0
680,307,3.0
680,290,5.0
680,667,3.0
680,440,4.0
681,310,4.0
681,507,3.0
681,380,4.0
681,652,4.0
681,566,3.0
682,158,4.0
682,300,3.0
682,18,5.0
682,491,5.0
682,644,5.0
682,683,4.0
682,299,5.0
683,530,3.0
683,531,4.0
683,633,3.0
683,634,4.0
683,535,4.0
683,501,3.0
684,1,2.0
684,72,4.0
684,73,5.0
684,59,4.0
684,28,5.0
684,29,1.0
684,3,4.0
684,84,4.0
684,48,5.0
684,131,3.0
684,463,4.0
684,278,5.0
684,171,5.0
684,195,4.0
684,378,2.0
685,85,5.0
685,15,5.0
685,98,4.0
685,89,5.0
685,99,5.0
685,202,4.0
685,656,5.0
685,664,5.0
685,726,3.0
686,43,4.0
686,241,3.0
686,242,3.0
686,45,4.0
686,218,4.0
686,441,4.0
687,39,4.0
687,99,4.0
687,202,5.0
687,42,4.0
687,263,4.0
687,344,4.0
687,213,4.0
687,495,4.0
688,211,3.0
688,622,3.0
688,508,3.0
688,353,4.0
688,631,4.0
688,697,3.0
688,640,3.0
689,50,4.0
689,13,3.0
689,33,4.0
689,116,4.0
689,256,4.0
690,451,5.0
690,452,5.0
690,438,3.0
690,623,3.0
690,453,5.0
690,470,3.0
690,725,4.0
690,690,4.0
691,77,5.0
691,80,4.0
691,65,3.0
691,288,3.0
691,218,3.0
692,4,5.0
692,62,5.0
692,16,5.0
692,205,4.0
692,446,5.0
692,472,5.0
692,556,5.0
692,447,5.0
692,448,4.0
693,74,4.0
693,86,4.0
693,88,5.0
693,205,4.0
693,456,4.0
693,251,3.0
693,494,3.0
694,357,5.0
694,358,5.0
694,359,4.0
694,360,4.0
694,523,4.0
695,47,4.0
695,51,4.0
695,16,4.0
695,287,4.0
695,205,2.0
695,272,3.0
695,202,5.0
695,263,3.0
695,344,3.0
696,1,2.0
696,72,2.0
696,26,4.0
696,27,4.0
696,76,3.0
696,79,2.0
696,31,4.0
696,50,5.0
696,168,3.0
696,186,4.0
696,375,4.0
696,135,5.0
696,516,4.0
696,470,4.0
697,26,4.0
697,28,4.0
697,4,5.0
697,5,3.0
697,47,4.0
697,319,3.0
697,396,4.0
697,172,4.0
697,419,5.0
697,615,4.0
698,23,4.0
698,24,3.0
698,68,4.0
698,283,5.0
698,124,5.0
698,70,5.0
698,71,5.0
698,72,4.0
698,25,4.0
698,27,5.0
698,73,5.0
698,60,5.0
698,28,5.0
698,9,5.0
698,50,5.0
698,13,4.0
698,132,5.0
698,416,5.0
699,23,2.0
699,56,5.0
699,2,3.0
699,73,5.0
699,63,5.0
699,147,3.0
699,92,4.0
699,182,4.0
699,228,3.0
700,497,4.0
700,600,4.0
700,586,3.0
700,609,2.0
700,588,3.0
700,536,5.0
700,489,5.0
700,696,2.0
700,729,3.0
701,552,2.0
701,186,4.0
701,477,5.0
701,191,3.0
701,150,3.0
702,5,4.0
702,204,4.0
702,147,3.0
702,334,5.0
702,317,3.0
702,92,4.0
703,68,4.0
703,124,4.0
703,125,4.0
703,2,2.0
703,28,5.0
703,9,4.0
703,50,4.0
703,198,3.0
703,230,4.0
704,262,3.0
704,335,5.0
704,141,5.0
704,143,4.0
704,730,5.0
705,307,3.0
705,452,3.0
705,453,3.0
705,454,3.0
705,547,4.0
705,440,3.0
705,647,3.0
706,261,2.0
706,63,4.0
706,262,2.0
706,37,5.0
706,38,5.0
706,40,5.0
706,53,5.0
706,155,3.0
706,374,5.0
706,606,3.0
707,1,4.0
707,29,3.0
707,3,4.0
707,79,4.0
707,196,5.0
707,35,5.0
707,438,3.0
707,665,5.0
708,1,3.0
708,2,3.0
708,47,5.0
708,30,4.0
708,170,3.0
708,171,3.0
708,266,1.0
708,540,4.0
708,614,4.0
708,601,3.0
709,3,4.0
709,63,3.0
709,116,2.0
709,39,4.0
709,348,3.0
709,456,4.0
709,569,5.0
709,267,5.0
709,227,5.0
709,629,5.0
710,2,2.0
710,29,3.0
710,75,3.0
710,115,3.0
710,13,3.0
710,97,3.0
710,732,3.0
711,23,1.0
711,24,2.0
711,56,4.0
711,124,5.0
711,72,4.0
711,27,2.0
711,60,4.0
711,61,4.0
711,84,5.0
711,50,4.0
711,33,5.0
711,82,4.0
711,375,4.0
711,99,4.0
711,226,4.0
712,426,5.0
712,508,4.0
712,99,5.0
712,631,4.0
712,279,4.0
712,403,3.0
713,319,4.0
713,15,4.0
713,159,4.0
713,271,4.0
713,322,3.0
713,19,5.0
713,398,3.0
714,278,5.0
714,264,5.0
714,507,5.0
714,92,5.0
714,353,4.0
714,631,4.0
714,509,4.0
714,510,3.0
714,373,3.0
715,128,4.0
715,91,4.0
715,251,3.0
715,631,5.0
715,397,3.0
716,47,3.0
716,349,4.0
716,202,5.0
716,422,5.0
716,216,5.0
717,115,2.0
717,147,3.0
717,119,4.0
717,617,5.0
717,332,5.0
717,515,5.0
717,733,4.0
717,734,4.0
718,214,4.0
718,37,3.0
718,41,3.0
718,569,5.0
718,167,4.0
718,372,4.0
718,373,4.0
718,36,5.0
718,664,5.0
718,359,5.0
718,394,4.0
718,227,5.0
719,179,3.0
719,85,4.0
719,15,5.0
719,89,3.0
719,119,4.0
719,255,4.0
719,389,3.0
719,290,4.0
720,69,4.0
720,25,4.0
720,27,3.0
720,16,4.0
720,118,4.0
720,205,5.0
721,69,3.0
721,70,3.0
721,73,2.0
721,126,2.0
721,62,2.0
721,148,4.0
721,97,2.0
721,149,3.0
721,416,1.0
722,22,5.0
722,23,4.0
722,68,4.0
722,124,4.0
722,72,4.0
722,26,4.0
722,58,4.0
722,27,5.0
722,28,5.0
722,61,5.0
722,84,5.0
722,50,4.0
722,88,5.0
722,205,3.0
722,464,5.0
723,25,5.0
723,27,4.0
723,61,4.0
723,84,4.0
723,74,5.0
723,131,4.0
723,9,4.0
723,50,5.0
723,87,5.0
723,116,5.0
723,317,4.0
723,336,4.0
723,250,4.0
723,109,4.0
723,279,4.0
723,130,5.0
723,121,4.0
723,424,3.0
724,85,3.0
724,87,2.0
724,14,5.0
724,148,3.0
724,311,4.0
724,230,2.0
724,301,3.0
724,415,5.0
725,29,4.0
725,4,5.0
725,31,4.0
725,180,5.0
725,187,4.0
725,687,5.0
725,623,5.0
725,502,4.0
725,604,5.0
726,22,4.0
726,23,5.0
726,56,5.0
726,26,1.0
726,84,3.0
726,75,2.0
726,7,5.0
726,48,4.0
726,52,4.0
726,159,4.0
726,243,3.0
727,22,5.0
727,123,5.0
727,23,3.0
727,56,5.0
727,59,5.0
727,63,5.0
727,16,5.0
727,147,4.0
727,98,5.0
727,426,5.0
727,263,4.0
727,313,5.0
728,267,5.0
728,453,5.0
728,257,5.0
728,213,5.0
728,682,4.0
728,394,5.0
728,462,5.0
729,339,3.0
729,202,5.0
729,238,4.0
729,212,4.0
729,43,3.0
729,167,3.0
729,218,4.0
729,387,5.0
729,441,2.0
729,445,4.0
729,385,5.0
730,5,4.0
730,131,3.0
730,9,1.0
730,86,3.0
730,15,5.0
730,214,3.0
730,19,4.0
730,207,3.0
730,130,3.0
731,22,4.0
731,23,3.0
731,59,4.0
731,61,3.0
731,7,4.0
731,47,5.0
731,126,4.0
731,278,5.0
731,330,4.0
731,129,4.0
731,202,4.0
732,498,3.0
732,600,4.0
732,586,2.0
732,534,4.0
732,593,5.0
733,559,4.0
733,478,5.0
733,178,3.0
733,480,4.0
733,484,2.0
734,461,4.0
734,340,4.0
734,255,3.0
734,554,4.0
734,352,5.0
734,259,4.0
734,244,3.0
735,530,3.0
735,586,3.0
735,531,5.0
735,589,5.0
735,591,5.0
736,26,3.0
736,2,1.0
736,48,3.0
736,205,3.0
736,112,5.0
736,481,3.0
737,116,4.0
737,461,5.0
737,411,5.0
737,255,5.0
737,256,5.0
737,209,3.0
737,440,3.0
738,68,4.0
738,56,3.0
738,74,3.0
738,76,3.0
738,131,4.0
738,127,3.0
738,86,3.0
738,13,3.0
738,496,5.0
738,330,4.0
738,230,4.0
739,79,5.0
739,126,4.0
739,198,3.0
739,87,3.0
739,181,5.0
740,124,2.0
740,72,3.0
740,50,4.0
740,116,4.0
740,97,3.0
740,659,5.0
740,256,4.0
740,268,4.0
740,550,4.0
740,269,4.0
741,97,5.0
741,335,2.0
741,139,5.0
741,284,4.0
741,440,2.0
741,253,3.0
742,97,2.0
742,307,3.0
742,411,5.0
742,325,3.0
742,139,3.0
742,667,4.0
743,2,2.0
743,92,4.0
743,173,5.0
743,697,3.0
743,698,4.0
744,31,5.0
744,552,1.0
744,186,3.0
744,478,4.0
744,464,4.0
744,649,4.0
744,583,3.0
745,22,3.0
745,24,2.0
745,68,3.0
745,283,3.0
745,60,5.0
745,61,5.0
745,147,5.0
745,288,1.0
745,446,3.0
745,521,5.0
745,631,3.0
745,665,5.0
746,204,4.0
746,77,4.0
746,105,5.0
746,18,5.0
746,272,4.0
746,658,5.0
746,42,4.0
747,19,4.0
747,659,4.0
747,152,4.0
747,303,5.0
747,718,3.0
748,2,4.0
748,47,4.0
748,88,5.0
748,199,4.0
748,288,5.0
748,342,5.0
749,1,4.0
749,64,4.0
749,219,5.0
749,519,3.0
749,472,3.0
749,521,4.0
749,460,2.0
750,127,4.0
750,13,3.0
750,88,3.0
750,199,5.0
750,320,3.0
750,249,4.0
750,322,5.0
750,160,1.0
750,398,1.0
750,95,4.0
750,175,2.0
751,529,5.0
751,600,5.0
751,515,5.0
751,533,5.0
751,588,5.0
751,535,5.0
752,546,5.0
752,262,5.0
752,137,5.0
752,284,5.0
752,520,5.0
753,116,5.0
753,89,4.0
753,461,5.0
753,135,2.0
753,456,4.0
753,301,5.0
753,326,4.0
753,327,4.0
753,290,4.0
753,440,3.0
754,71,5.0
754,57,5.0
754,25,4.0
754,28,5.0
754,29,4.0
754,76,5.0
754,9,4.0
754,86,5.0
754,463,3.0
754,91,5.0
754,529,3.0
754,498,2.0
754,609,2.0
754,588,4.0
754,736,4.0
754,589,2.0
755,1,3.0
755,26,3.0
755,28,5.0
755,3,5.0
755,75,3.0
755,7,3.0
755,30,3.0
755,362,3.0
755,529,2.0
755,609,3.0
755,737,2.0
755,584,3.0
756,261,4.0
756,463,4.0
756,552,4.0
756,180,5.0
756,625,4.0
756,676,4.0
757,546,3.0
757,37,4.0
757,38,4.0
757,256,5.0
757,257,5.0
757,495,2.0
758,69,4.0
758,71,5.0
758,27,4.0
758,13,5.0
758,14,4.0
758,18,5.0
758,411,3.0
758,425,5.0
759,30,4.0
759,127,5.0
759,87,4.0
759,96,5.0
759,116,5.0
759,426,5.0
760,115,3.0
760,118,2.0
760,578,2.0
760,438,4.0
760,545,5.0
760,725,3.0
761,19,4.0
761,411,5.0
761,632,4.0
761,427,5.0
761,255,3.0
762,362,5.0
762,498,4.0
762,586,5.0
762,540,5.0
762,502,4.0
762,703,5.0
763,179,3.0
763,261,2.0
763,32,4.0
763,264,3.0
763,445,3.0
764,399,5.0
764,497,4.0
764,625,5.0
764,634,5.0
764,533,5.0
764,588,2.0
764,695,5.0
764,655,2.0
765,22,3.0
765,24,3.0
765,283,3.0
765,69,4.0
765,70,4.0
765,71,3.0
765,72,3.0
765,198,3.0
765,96,4.0
765,300,4.0
765,349,3.0
765,461,3.0
765,139,4.0
766,198,5.0
766,146,5.0
766,16,5.0
766,220,5.0
766,91,5.0
766,325,5.0
766,329,5.0
767,6,3.0
767,49,5.0
767,496,2.0
767,91,3.0
767,521,5.0
767,697,4.0
767,665,3.0
767,711,4.0
767,447,4.0
768,7,5.0
768,63,4.0
768,39,4.0
768,572,3.0
768,501,3.0
769,132,3.0
769,171,3.0
769,40,5.0
769,336,3.0
769,41,5.0
769,136,5.0
769,101,3.0
769,318,3.0
769,524,5.0
769,141,5.0
770,85,4.0
770,147,4.0
770,90,3.0
770,380,4.0
770,243,4.0
771,15,5.0
771,90,5.0
771,108,5.0
771,110,5.0
771,459,5.0
772,26,5.0
772,3,5.0
772,31,4.0
772,63,5.0
772,381,5.0
772,597,3.0
773,1,3.0
773,69,5.0
773,57,5.0
773,29,5.0
773,61,4.0
773,49,5.0
773,127,3.0
773,32,2.0
773,77,5.0
773,349,4.0
773,559,4.0
773,418,3.0
773,121,3.0
774,89,5.0
774,215,4.0
774,401,4.0
774,202,3.0
774,389,5.0
774,402,3.0
775,656,4.0
775,660,4.0
775,738,3.0
775,597,3.0
775,718,5.0
776,552,5.0
776,437,5.0
776,321,5.0
776,183,5.0
776,514,5.0
776,438,5.0
776,537,5.0
776,532,5.0
776,515,5.0
776,534,5.0
776,725,5.0
777,38,5.0
777,41,5.0
777,600,5.0
777,137,5.0
777,710,5.0
778,261,5.0
778,115,2.0
778,552,5.0
778,33,5.0
778,262,3.0
778,408,5.0
778,517,5.0
779,77,5.0
779,81,5.0
779,82,5.0
779,551,5.0
779,156,5.0
779,730,5.0
780,159,4.0
780,205,3.0
780,223,3.0
780,556,5.0
780,740,3.0
781,28,5.0
781,74,4.0
781,410,4.0
781,288,4.0
781,83,5.0
782,33,4.0
782,300,4.0
782,603,3.0
782,267,4.0
782,333,4.0
783,158,5.0
783,404,5.0
783,183,5.0
783,388,4.0
783,191,4.0
783,391,4.0
783,526,4.0
784,3,5.0
784,6,5.0
784,31,3.0
784,169,4.0
784,180,4.0
784,287,5.0
784,186,4.0
784,39,4.0
784,217,5.0
784,224,2.0
784,225,3.0
784,585,3.0
785,49,3.0
785,204,3.0
785,33,4.0
785,117,4.0
785,148,3.0
785,97,3.0
785,349,4.0
785,567,4.0
786,219,5.0
786,201,5.0
786,519,5.0
786,216,5.0
786,152,4.0
786,276,5.0
787,77,3.0
787,87,3.0
787,214,3.0
787,195,3.0
787,167,3.0
788,310,3.0
788,264,4.0
788,230,3.0
788,660,4.0
788,448,3.0
789,47,5.0
789,170,5.0
789,330,4.0
789,183,4.0
789,279,5.0
790,123,5.0
790,23,5.0
790,68,2.0
790,283,5.0
790,56,4.0
790,125,5.0
790,25,4.0
790,26,4.0
790,58,4.0
790,2,2.0
790,27,3.0
790,59,5.0
790,60,4.0
790,76,4.0
790,7,5.0
790,48,4.0
790,30,5.0
790,13,4.0
790,147,5.0
790,354,5.0
790,279,5.0
790,689,3.0
790,407,5.0
791,123,4.0
791,124,4.0
791,125,4.0
791,25,3.0
791,61,4.0
791,84,5.0
791,9,4.0
791,204,4.0
791,63,3.0
791,215,5.0
791,128,5.0
791,336,4.0
791,521,5.0
791,631,4.0
792,68,4.0
792,124,4.0
792,72,5.0
792,125,5.0
792,25,3.0
792,58,2.0
792,73,4.0
792,60,3.0
792,61,4.0
792,84,5.0
792,146,5.0
792,330,5.0
793,446,4.0
793,91,5.0
793,508,4.0
793,251,5.0
793,509,4.0
793,280,5.0
793,674,5.0
794,123,4.0
794,68,3.0
794,125,3.0
794,58,3.0
794,60,3.0
794,84,4.0
794,47,5.0
794,49,3.0
794,90,2.0
794,349,3.0
794,207,3.0
794,256,3.0
794,654,3.0
794,114,4.0
795,3,5.0
795,76,4.0
795,16,5.0
795,205,5.0
795,263,5.0
795,584,5.0
795,218,5.0
795,673,5.0
795,616,5.0
796,198,3.0
796,14,3.0
796,106,4.0
796,206,4.0
796,369,2.0
796,440,4.0
797,476,2.0
797,217,3.0
797,213,4.0
797,36,3.0
797,359,3.0
798,31,3.0
798,115,4.0
798,463,4.0
798,552,4.0
798,320,4.0
798,187,3.0
798,627,4.0
798,741,4.0
799,4,5.0
799,6,4.0
799,32,5.0
799,180,4.0
799,404,5.0
799,186,3.0
800,30,5.0
800,63,5.0
800,50,5.0
800,215,3.0
800,632,3.0
800,207,4.0
801,262,3.0
801,559,3.0
801,466,3.0
801,517,4.0
801,194,5.0
802,198,4.0
802,13,4.0
802,14,5.0
802,52,3.0
802,432,2.0
803,23,4.0
803,69,3.0
803,72,4.0
803,57,3.0
803,2,3.0
803,131,5.0
803,96,3.0
803,278,5.0
803,230,5.0
803,416,5.0
804,56,4.0
804,124,4.0
804,73,4.0
804,59,3.0
804,60,4.0
804,84,2.0
804,131,3.0
804,86,2.0
804,13,4.0
804,202,3.0
804,631,3.0
804,152,4.0
804,665,5.0
805,164,4.0
805,92,3.0
805,272,4.0
805,662,3.0
805,103,5.0
805,393,4.0
806,32,4.0
806,198,5.0
806,219,2.0
806,100,4.0
806,412,5.0
806,149,3.0
806,462,2.0
807,23,2.0
807,1,4.0
807,68,3.0
807,56,4.0
807,26,4.0
807,27,4.0
807,3,3.0
807,47,4.0
807,88,4.0
807,199,3.0
807,147,4.0
807,308,4.0
808,271,5.0
808,164,4.0
808,422,4.0
808,662,5.0
808,314,3.0
808,618,3.0
809,22,2.0
809,24,2.0
809,71,4.0
809,27,3.0
809,74,2.0
809,47,5.0
809,50,3.0
809,199,3.0
809,82,5.0
809,39,3.0
809,375,2.0
810,354,5.0
810,249,4.0
810,339,4.0
810,188,4.0
810,166,4.0
810,361,3.0
811,22,5.0
811,24,5.0
811,283,5.0
811,72,5.0
811,125,5.0
811,26,4.0
811,58,4.0
811,2,3.0
811,73,5.0
811,60,4.0
811,28,5.0
811,4,5.0
811,61,5.0
811,84,5.0
811,5,5.0
811,47,4.0
811,48,5.0
811,8,5.0
811,158,5.0
811,62,4.0
811,496,5.0
811,611,5.0
811,243,5.0
812,262,5.0
812,529,5.0
812,371,4.0
812,315,3.0
812,534,4.0
812,590,4.0
812,594,3.0
813,39,5.0
813,216,5.0
813,569,4.0
813,572,5.0
813,213,5.0
813,664,4.0
813,557,5.0
814,76,4.0
814,131,5.0
814,13,3.0
814,105,3.0
814,132,1.0
814,98,5.0
814,19,4.0
814,416,5.0
814,458,5.0
815,29,3.0
815,7,4.0
815,32,2.0
815,319,2.0
815,33,3.0
815,334,3.0
815,91,4.0
816,198,3.0
816,300,4.0
816,411,5.0
816,289,4.0
816,255,4.0
817,22,4.0
817,123,4.0
817,24,4.0
817,68,5.0
817,56,4.0
817,124,5.0
817,69,4.0
817,70,4.0
817,57,5.0
817,125,4.0
817,28,4.0
817,76,5.0
817,126,3.0
817,32,3.0
817,77,4.0
817,198,3.0
817,17,4.0
817,327,3.0
817,704,4.0
817,527,4.0
818,396,3.0
818,322,5.0
818,239,3.0
818,430,4.0
818,614,4.0
818,407,4.0
819,287,4.0
819,223,4.0
819,161,4.0
819,588,2.0
819,598,4.0
820,22,5.0
820,123,5.0
820,24,5.0
820,1,4.0
820,124,4.0
820,125,4.0
820,58,2.0
820,27,5.0
820,60,3.0
820,61,4.0
820,74,5.0
820,6,4.0
820,127,3.0
820,50,3.0
820,106,5.0
820,300,4.0
820,330,2.0
820,349,2.0
820,129,3.0
820,313,5.0
821,48,3.0
821,16,3.0
821,159,3.0
821,205,3.0
821,254,4.0
822,24,5.0
822,68,5.0
822,124,4.0
822,71,3.0
822,57,3.0
822,73,5.0
822,59,5.0
822,28,4.0
822,74,4.0
822,5,3.0
822,76,5.0
822,48,3.0
822,8,5.0
822,131,4.0
822,126,4.0
822,9,3.0
822,86,5.0
822,13,4.0
822,230,3.0
823,180,5.0
823,560,5.0
823,578,5.0
823,633,5.0
823,675,5.0
824,354,5.0
824,339,4.0
824,422,4.0
824,166,4.0
824,357,5.0
824,358,5.0
824,359,5.0
824,361,4.0
825,158,4.0
825,106,3.0
825,205,4.0
825,317,3.0
825,349,3.0
825,425,3.0
825,433,3.0
826,27,5.0
826,76,2.0
826,79,5.0
826,62,5.0
826,463,4.0
826,88,4.0
827,43,5.0
827,545,4.0
827,166,5.0
827,357,5.0
827,361,5.0
827,684,5.0
828,106,3.0
828,39,3.0
828,569,3.0
828,327,3.0
828,267,2.0
828,185,3.0
829,321,4.0
829,35,4.0
829,580,4.0
829,315,3.0
829,178,5.0
829,742,4.0
830,214,4.0
830,272,4.0
830,385,4.0
830,491,5.0
830,744,5.0
830,740,1.0
831,24,4.0
831,68,3.0
831,56,5.0
831,28,5.0
831,84,4.0
831,74,4.0
831,126,5.0
831,204,4.0
831,127,4.0
831,86,5.0
831,198,4.0
831,87,4.0
831,13,4.0
831,16,5.0
832,28,5.0
832,32,5.0
832,50,5.0
832,14,4.0
832,116,4.0
832,132,4.0
832,117,3.0
832,330,3.0
832,349,5.0
832,340,4.0
833,6,5.0
833,77,4.0
833,369,4.0
833,313,4.0
833,542,4.0
834,355,5.0
834,619,5.0
834,524,1.0
834,140,5.0
834,144,5.0
834,145,5.0
834,729,5.0
835,37,4.0
835,38,4.0
835,334,3.0
835,40,4.0
835,446,2.0
835,507,3.0
835,389,3.0
835,385,3.0
836,463,5.0
836,180,5.0
836,234,4.0
836,399,4.0
836,196,4.0
836,532,5.0
837,123,5.0
837,24,5.0
837,70,5.0
837,125,5.0
837,25,5.0
837,126,5.0
837,9,3.0
837,115,5.0
837,317,5.0
838,76,3.0
838,131,3.0
838,126,4.0
838,96,3.0
838,152,3.0
839,24,5.0
839,68,5.0
839,283,5.0
839,26,4.0
839,58,5.0
839,27,5.0
839,5,5.0
839,47,5.0
839,48,4.0
839,62,4.0
839,15,5.0
839,219,3.0
839,52,4.0
839,551,4.0
839,265,3.0
839,328,4.0
839,706,5.0
840,354,5.0
840,263,4.0
840,246,4.0
840,189,5.0
840,430,5.0
840,377,4.0
840,281,3.0
841,355,5.0
841,279,5.0
841,432,4.0
841,383,5.0
841,403,5.0
842,307,4.0
842,454,4.0
842,702,3.0
842,462,3.0
842,703,4.0
842,731,4.0
843,158,5.0
843,39,4.0
843,372,5.0
843,315,4.0
843,543,4.0
843,373,5.0
843,394,5.0
844,4,5.0
844,75,3.0
844,31,4.0
844,147,4.0
844,171,5.0
844,306,4.0
844,396,5.0
844,172,4.0
844,432,3.0
845,22,4.0
845,23,2.0
845,69,2.0
845,125,5.0
845,26,4.0
845,73,4.0
845,3,4.0
845,84,5.0
845,74,2.0
845,49,4.0
845,86,4.0
845,63,1.0
845,77,3.0
845,147,3.0
845,288,2.0
845,297,4.0
845,99,1.0
845,100,2.0
845,231,2.0
845,733,2.0
846,463,4.0
846,169,5.0
846,320,3.0
846,37,4.0
846,41,4.0
846,728,4.0
847,355,5.0
847,182,3.0
847,377,3.0
847,573,4.0
847,361,4.0
848,124,3.0
848,72,5.0
848,125,3.0
848,25,3.0
848,73,5.0
848,47,5.0
848,19,2.0
848,298,2.0
849,22,4.0
849,123,3.0
849,69,4.0
849,70,4.0
849,57,3.0
849,47,4.0
849,131,5.0
849,86,3.0
849,87,3.0
849,199,2.0
849,219,2.0
849,288,2.0
849,98,3.0
849,596,3.0
850,123,2.0
850,5,2.0
850,76,3.0
850,13,4.0
850,10,4.0
850,410,2.0
850,551,2.0
850,670,2.0
851,5,5.0
851,7,5.0
851,48,4.0
851,62,5.0
851,65,4.0
851,519,4.0
851,556,5.0
851,460,5.0
852,463,4.0
852,262,4.0
852,437,4.0
852,529,3.0
852,498,3.0
853,68,5.0
853,283,5.0
853,59,2.0
853,4,5.0
853,75,5.0
853,158,1.0
853,80,4.0
853,51,4.0
853,172,5.0
853,377,4.0
853,432,3.0
854,22,5.0
854,1,5.0
854,56,3.0
854,2,2.0
854,27,5.0
854,61,4.0
854,30,5.0
854,31,4.0
854,34,5.0
854,164,5.0
854,306,4.0
854,172,4.0
854,418,5.0
854,656,5.0
854,488,4.0
855,22,5.0
855,24,3.0
855,68,5.0
855,283,5.0
855,56,5.0
855,124,5.0
855,70,5.0
855,71,5.0
855,57,5.0
855,125,5.0
855,73,5.0
855,59,5.0
855,60,5.0
855,4,2.0
855,61,5.0
855,84,5.0
855,7,5.0
855,50,4.0
855,88,4.0
855,199,5.0
855,51,5.0
855,464,5.0
856,28,3.0
856,49,4.0
856,86,4.0
856,77,4.0
856,111,4.0
857,79,4.0
857,30,3.0
857,14,4.0
857,340,4.0
857,202,3.0
857,714,4.0
858,339,4.0
858,137,4.0
858,138,4.0
858,166,4.0
858,45,4.0
858,481,5.0
859,69,4.0
859,72,3.0
859,57,3.0
859,2,1.0
859,29,2.0
859,14,4.0
859,33,4.0
859,97,2.0
859,461,5.0
859,340,4.0
859,327,3.0
859,563,3.0
860,2,2.0
860,7,5.0
860,47,4.0
860,9,3.0
860,169,4.0
860,192,4.0
861,261,4.0
861,437,2.0
861,53,4.0
861,515,4.0
861,587,4.0
861,517,4.0
861,606,4.0
862,31,4.0
862,77,5.0
862,219,4.0
862,180,4.0
862,234,4.0
862,106,4.0
862,211,4.0
863,97,3.0
863,181,4.0
863,135,4.0
863,550,3.0
863,701,4.0
863,143,3.0
864,22,3.0
864,123,5.0
864,23,3.0
864,70,4.0
864,71,4.0
864,72,4.0
864,57,4.0
864,125,3.0
864,58,3.0
864,27,3.0
864,28,3.0
864,29,3.0
864,61,3.0
864,74,4.0
864,30,3.0
864,179,3.0
864,254,3.0
865,31,4.0
865,653,4.0
865,404,4.0
865,188,5.0
865,273,4.0
865,611,3.0
865,221,4.0
865,243,3.0
866,123,5.0
866,24,3.0
866,68,4.0
866,283,4.0
866,56,5.0
866,124,4.0
866,69,4.0
866,71,5.0
866,72,3.0
866,57,2.0
866,125,4.0
866,58,3.0
866,84,2.0
866,75,5.0
866,76,4.0
866,7,5.0
866,62,4.0
866,13,4.0
866,51,4.0
866,17,3.0
866,173,5.0
866,433,5.0
867,79,3.0
867,31,4.0
867,32,5.0
867,552,4.0
867,234,3.0
867,648,4.0
867,477,4.0
867,480,4.0
867,193,4.0
868,123,1.0
868,24,5.0
868,68,5.0
868,283,5.0
868,56,5.0
868,124,5.0
868,69,1.0
868,70,1.0
868,71,1.0
868,72,5.0
868,57,1.0
868,125,5.0
868,26,5.0
868,58,5.0
868,59,5.0
868,28,5.0
868,29,5.0
868,84,5.0
868,75,5.0
868,6,5.0
868,76,5.0
868,79,5.0
868,204,5.0
868,404,5.0
868,353,5.0
869,261,3.0
869,63,4.0
869,87,3.0
869,300,5.0
869,375,5.0
869,493,3.0
869,387,3.0
870,625,3.0
870,748,3.0
870,450,3.0
870,669,4.0
870,741,4.0
870,749,2.0
871,268,4.0
871,333,3.0
871,415,4.0
871,149,3.0
871,750,3.0
871,294,4.0
872,335,5.0
872,559,3.0
872,337,5.0
872,121,5.0
872,260,3.0
873,26,5.0
873,198,3.0
873,670,4.0
873,165,4.0
873,422,4.0
873,216,2.0
873,314,3.0
873,36,4.0
873,585,4.0
873,227,4.0
874,159,3.0
874,40,4.0
874,220,4.0
874,231,5.0
874,270,4.0
875,23,5.0
875,68,5.0
875,283,5.0
875,56,5.0
875,124,5.0
875,26,5.0
875,58,5.0
875,27,5.0
875,73,5.0
875,3,5.0
875,31,5.0
875,204,5.0
875,63,5.0
875,106,5.0
875,653,5.0
875,271,5.0
875,201,5.0
875,272,5.0
875,439,5.0
876,23,5.0
876,68,5.0
876,283,5.0
876,124,5.0
876,26,5.0
876,58,5.0
876,27,5.0
876,3,5.0
876,31,5.0
876,49,5.0
876,204,5.0
876,77,5.0
876,80,5.0
876,201,5.0
876,272,5.0
877,23,5.0
877,68,5.0
877,283,5.0
877,56,5.0
877,124,5.0
877,26,5.0
877,2,5.0
877,27,5.0
877,73,5.0
877,31,5.0
877,49,5.0
877,204,5.0
877,62,5.0
877,63,5.0
877,80,5.0
877,106,5.0
877,271,5.0
877,202,5.0
878,23,5.0
878,68,5.0
878,283,5.0
878,124,5.0
878,26,5.0
878,58,5.0
878,2,5.0
878,27,5.0
878,3,5.0
878,31,5.0
878,49,5.0
878,204,5.0
878,77,5.0
878,80,5.0
878,106,5.0
878,271,5.0
878,201,5.0
878,202,5.0
879,22,4.0
879,23,1.0
879,24,2.0
879,124,2.0
879,71,5.0
879,72,2.0
879,57,5.0
879,27,5.0
879,59,5.0
879,60,4.0
879,61,3.0
879,127,3.0
879,198,1.0
879,96,4.0
879,300,4.0
879,401,4.0
879,367,3.0
879,157,5.0
880,118,5.0
880,229,5.0
880,408,4.0
880,603,5.0
880,514,5.0
880,337,5.0
880,618,4.0
880,517,5.0
881,234,2.0
881,404,3.0
881,302,4.0
881,455,3.0
881,703,2.0
882,30,4.0
882,348,4.0
882,456,3.0
882,656,4.0
882,387,4.0
882,751,3.0
883,79,3.0
883,348,3.0
883,313,4.0
883,332,4.0
883,424,4.0
884,545,5.0
884,140,5.0
884,359,5.0
884,361,5.0
884,144,5.0
885,79,5.0
885,169,5.0
885,262,3.0
885,306,4.0
885,92,5.0
885,649,5.0
886,411,5.0
886,632,4.0
886,255,5.0
886,139,5.0
886,712,4.0
886,753,5.0
887,34,4.0
887,170,4.0
887,519,4.0
887,429,3.0
887,572,5.0
887,573,3.0
887,475,3.0
887,620,5.0
887,754,4.0
888,198,3.0
888,52,4.0
888,184,5.0
888,221,5.0
888,547,3.0
889,100,5.0
889,256,5.0
889,268,5.0
889,667,4.0
889,440,4.0
890,123,5.0
890,23,5.0
890,1,5.0
890,68,5.0
890,56,5.0
890,124,5.0
890,26,5.0
890,27,5.0
890,73,5.0
890,204,5.0
890,63,5.0
890,77,5.0
890,80,5.0
890,106,5.0
890,272,5.0
891,1,5.0
891,68,5.0
891,283,5.0
891,56,5.0
891,124,5.0
891,125,5.0
891,26,5.0
891,58,5.0
891,2,5.0
891,27,5.0
891,73,5.0
891,31,5.0
891,204,5.0
891,63,5.0
891,77,5.0
891,234,5.0
891,176,5.0
892,23,5.0
892,1,5.0
892,68,5.0
892,283,5.0
892,27,5.0
892,73,5.0
892,31,5.0
892,204,5.0
892,63,5.0
892,77,5.0
892,234,5.0
892,272,5.0
893,22,5.0
893,1,5.0
893,68,5.0
893,56,5.0
893,26,5.0
893,58,5.0
893,2,5.0
893,27,5.0
893,73,5.0
893,3,5.0
893,49,5.0
893,204,5.0
893,63,5.0
893,77,5.0
893,80,5.0
893,234,5.0
893,106,5.0
893,272,5.0
893,465,5.0
893,194,5.0
894,123,5.0
894,1,5.0
894,68,5.0
894,283,5.0
894,56,5.0
894,124,5.0
894,26,5.0
894,58,5.0
894,2,5.0
894,27,5.0
894,73,5.0
894,31,5.0
894,49,5.0
894,204,5.0
894,63,5.0
894,106,5.0
895,186,2.0
895,623,5.0
895,466,5.0
895,756,4.0
895,739,3.0
896,288,5.0
896,181,5.0
896,206,5.0
896,617,3.0
896,537,5.0
896,332,5.0
896,120,4.0
897,22,3.0
897,69,5.0
897,70,5.0
897,71,5.0
897,72,4.0
897,57,5.0
897,25,3.0
897,28,5.0
897,61,1.0
897,49,2.0
897,33,5.0
897,116,5.0
897,461,4.0
897,206,4.0
897,255,4.0
897,413,4.0
898,117,5.0
898,97,5.0
898,256,4.0
898,139,4.0
898,257,4.0
898,567,5.0
899,498,5.0
899,453,5.0
899,499,4.0
899,589,4.0
899,454,4.0
899,630,3.0
900,49,5.0
900,50,4.0
900,300,2.0
900,326,3.0
900,327,3.0
900,258,4.0
900,440,3.0
901,29,5.0
901,4,5.0
901,79,5.0
901,463,5.0
901,168,5.0
901,404,5.0
901,529,5.0
902,29,4.0
902,158,2.0
902,62,4.0
902,546,4.0
902,610,2.0
902,624,2.0
902,757,3.0
902,67,5.0
902,758,4.0
903,6,4.0
903,261,2.0
903,198,5.0
903,135,4.0
903,136,4.0
903,617,3.0
904,32,4.0
904,229,4.0
904,335,5.0
904,625,3.0
904,470,4.0
904,141,4.0
905,80,4.0
905,52,3.0
905,40,4.0
905,41,2.0
905,505,4.0
906,4,3.0
906,6,4.0
906,158,3.0
906,51,4.0
906,11,5.0
906,274,5.0
906,189,5.0
906,433,2.0
907,283,5.0
907,124,3.0
907,74,4.0
907,47,1.0
907,49,2.0
907,127,4.0
907,87,3.0
907,88,4.0
907,220,3.0
908,1,5.0
908,70,5.0
908,71,5.0
908,47,5.0
908,198,5.0
908,182,4.0
908,452,5.0
908,325,5.0
908,453,5.0
908,692,5.0
908,462,5.0
908,731,5.0
909,22,4.0
909,123,5.0
909,23,3.0
909,24,4.0
909,1,5.0
909,283,3.0
909,56,5.0
909,57,5.0
909,26,5.0
909,58,5.0
909,2,3.0
909,27,5.0
909,73,5.0
909,59,4.0
909,28,4.0
909,75,4.0
909,5,5.0
909,463,4.0
909,319,4.0
909,180,4.0
909,249,3.0
909,531,4.0
910,633,3.0
910,588,4.0
910,695,4.0
910,655,4.0
910,635,3.0
911,126,4.0
911,204,4.0
911,87,4.0
911,45,2.0
911,557,2.0
912,22,3.0
912,123,4.0
912,72,4.0
912,57,4.0
912,25,4.0
912,58,5.0
912,60,4.0
912,28,4.0
912,76,2.0
912,7,5.0
912,30,3.0
912,13,3.0
912,51,4.0
912,172,4.0
912,432,3.0
913,1,2.0
913,56,3.0
913,72,1.0
913,125,2.0
913,58,2.0
913,59,3.0
913,84,3.0
913,131,1.0
913,126,2.0
913,62,2.0
913,13,1.0
913,64,3.0
913,132,1.0
913,83,1.0
913,349,1.0
913,336,2.0
913,230,1.0
913,92,5.0
913,522,1.0
914,105,5.0
914,473,4.0
914,279,5.0
914,280,3.0
914,710,5.0
915,168,3.0
915,180,5.0
915,649,5.0
915,514,4.0
915,562,4.0
915,759,5.0
916,85,4.0
916,300,2.0
916,478,5.0
916,369,3.0
916,416,3.0
917,32,5.0
917,234,5.0
917,559,5.0
917,478,5.0
917,152,4.0
917,391,4.0
917,518,5.0
917,723,5.0
918,199,5.0
918,485,2.0
918,748,5.0
918,150,2.0
918,583,2.0
919,1,4.0
919,56,5.0
919,69,5.0
919,70,5.0
919,25,5.0
919,7,5.0
919,48,3.0
919,49,2.0
919,117,5.0
919,327,4.0
920,123,4.0
920,24,4.0
920,68,4.0
920,283,4.0
920,69,4.0
920,70,4.0
920,71,5.0
920,72,4.0
920,57,5.0
920,125,4.0
920,58,4.0
920,27,5.0
920,29,3.0
920,84,4.0
920,74,5.0
920,30,4.0
920,86,5.0
920,164,4.0
920,181,4.0
920,376,4.0
920,343,4.0
921,123,3.0
921,23,1.0
921,24,4.0
921,1,2.0
921,283,4.0
921,124,5.0
921,71,2.0
921,57,2.0
921,25,5.0
921,60,3.0
921,76,5.0
921,126,5.0
921,49,3.0
921,204,5.0
921,86,4.0
921,32,2.0
921,198,3.0
921,13,5.0
921,88,2.0
921,199,3.0
921,16,5.0
921,230,5.0
921,206,3.0
921,255,3.0
922,600,5.0
922,586,3.0
922,589,5.0
922,590,4.0
922,592,4.0
922,702,4.0
923,426,5.0
923,401,5.0
923,367,5.0
923,332,5.0
923,209,5.0
924,83,4.0
924,202,5.0
924,381,5.0
924,67,5.0
924,527,5.0
925,4,4.0
925,158,5.0
925,219,5.0
925,161,3.0
925,192,5.0
925,443,5.0
925,55,4.0
926,62,2.0
926,96,2.0
926,33,3.0
926,148,3.0
926,317,2.0
926,18,2.0
926,109,2.0
926,327,4.0
927,1,5.0
927,26,5.0
927,2,5.0
927,79,5.0
927,319,5.0
927,234,5.0
927,186,5.0
927,272,5.0
927,474,5.0
927,191,5.0
928,170,4.0
928,195,3.0
928,11,4.0
928,172,5.0
928,504,4.0
928,755,5.0
929,498,5.0
929,586,1.0
929,589,5.0
929,535,5.0
929,591,3.0
929,655,5.0
930,26,3.0
930,2,1.0
930,29,1.0
930,4,5.0
930,261,5.0
930,115,5.0
930,321,2.0
930,306,5.0
930,580,2.0
930,560,2.0
930,692,5.0
931,214,3.0
931,37,5.0
931,40,5.0
931,139,5.0
931,352,5.0
931,228,4.0
932,77,4.0
932,446,4.0
932,83,5.0
932,100,4.0
932,411,4.0
932,415,3.0
933,1,2.0
933,2,2.0
933,5,2.0
933,47,4.0
933,30,3.0
933,158,2.0
933,32,3.0
933,362,2.0
933,81,4.0
933,159,4.0
933,164,2.0
933,18,3.0
934,118,4.0
934,404,4.0
934,186,3.0
934,187,4.0
934,553,3.0
934,191,3.0
934,150,4.0
934,734,3.0
935,355,3.0
935,534,3.0
935,696,3.0
935,592,1.0
935,702,3.0
936,287,4.0
936,200,4.0
936,201,4.0
936,217,4.0
936,569,4.0
936,357,4.0
936,276,1.0
937,63,4.0
937,50,5.0
937,198,4.0
937,97,3.0
937,119,5.0
937,461,5.0
937,267,3.0
937,753,4.0
938,146,3.0
938,118,3.0
938,496,4.0
938,128,3.0
938,427,4.0
938,121,4.0
939,1,5.0
939,63,3.0
939,13,5.0
939,249,5.0
939,665,3.0
939,458,5.0
939,642,3.0
940,179,4.0
940,63,5.0
940,14,5.0
940,97,3.0
940,461,4.0
940,339,4.0
940,452,4.0
940,259,5.0
940,360,5.0
941,125,4.0
941,58,4.0
941,59,4.0
941,61,5.0
941,5,4.0
941,8,4.0
941,30,3.0
941,158,4.0
941,63,3.0
941,199,4.0
941,146,3.0
941,211,3.0
941,270,3.0
942,123,5.0
942,23,5.0
942,24,5.0
942,283,5.0
942,27,5.0
942,73,5.0
942,60,5.0
942,61,5.0
942,84,5.0
942,131,5.0
942,9,5.0
942,86,5.0
942,88,5.0
942,118,5.0
942,437,5.0
943,74,5.0
943,48,5.0
943,49,5.0
943,127,5.0
943,87,5.0
943,88,5.0
943,64,5.0
943,90,5.0
943,19,5.0
943,109,5.0
943,381,5.0
